nr,year,union,married,educ
13,1980,0,0,14
13,1981,1,0,14
13,1982,0,0,14
13,1983,0,0,14
13,1984,0,0,14
13,1985,0,0,14
13,1986,0,0,14
13,1987,0,0,14
17,1980,0,0,13
17,1981,0,0,13
17,1982,0,0,13
17,1983,0,0,13
17,1984,0,0,13
17,1985,0,0,13
17,1986,0,0,13
17,1987,0,0,13
18,1980,0,1,12
18,1981,0,1,12
18,1982,0,1,12
18,1983,0,1,12
18,1984,0,1,12
18,1985,0,1,12
18,1986,0,1,12
18,1987,0,1,12
45,1980,1,0,12
45,1981,1,0,12
45,1982,0,0,12
45,1983,0,0,12
45,1984,0,0,12
45,1985,0,0,12
45,1986,0,0,12
45,1987,0,1,12
110,1980,1,0,12
110,1981,0,0,12
110,1982,0,0,12
110,1983,0,0,12
110,1984,0,1,12
110,1985,0,1,12
110,1986,0,1,12
110,1987,0,1,12
120,1980,0,0,10
120,1981,0,0,10
120,1982,0,0,10
120,1983,0,0,10
120,1984,0,0,10
120,1985,0,0,10
120,1986,0,0,10
120,1987,0,0,10
126,1980,0,0,13
126,1981,0,0,13
126,1982,0,0,13
126,1983,0,0,13
126,1984,0,0,13
126,1985,0,1,13
126,1986,0,1,13
126,1987,0,1,13
150,1980,0,0,12
150,1981,0,0,12
150,1982,0,0,12
150,1983,0,0,12
150,1984,0,0,12
150,1985,0,0,12
150,1986,0,0,12
150,1987,1,0,12
162,1980,1,0,11
162,1981,0,0,11
162,1982,0,0,11
162,1983,0,0,11
162,1984,0,0,11
162,1985,0,0,11
162,1986,0,0,11
162,1987,0,0,11
166,1980,1,0,10
166,1981,1,0,10
166,1982,1,0,10
166,1983,1,0,10
166,1984,1,0,10
166,1985,0,0,10
166,1986,0,1,10
166,1987,0,1,10
189,1980,0,0,14
189,1981,0,0,14
189,1982,0,0,14
189,1983,0,0,14
189,1984,0,0,14
189,1985,0,0,14
189,1986,0,0,14
189,1987,0,0,14
193,1980,0,0,14
193,1981,0,0,14
193,1982,0,0,14
193,1983,0,0,14
193,1984,0,0,14
193,1985,0,1,14
193,1986,0,1,14
193,1987,0,1,14
209,1980,0,0,11
209,1981,0,0,11
209,1982,0,0,11
209,1983,0,0,11
209,1984,0,0,11
209,1985,0,0,11
209,1986,0,0,11
209,1987,0,0,11
212,1980,0,0,11
212,1981,0,0,11
212,1982,1,0,11
212,1983,0,0,11
212,1984,0,0,11
212,1985,0,0,11
212,1986,0,1,11
212,1987,1,1,11
218,1980,0,0,15
218,1981,0,0,15
218,1982,0,0,15
218,1983,0,1,15
218,1984,0,1,15
218,1985,0,1,15
218,1986,0,1,15
218,1987,0,1,15
243,1980,0,0,12
243,1981,0,0,12
243,1982,0,0,12
243,1983,0,1,12
243,1984,0,1,12
243,1985,0,1,12
243,1986,0,1,12
243,1987,0,1,12
259,1980,1,1,12
259,1981,1,1,12
259,1982,1,1,12
259,1983,1,1,12
259,1984,0,1,12
259,1985,0,1,12
259,1986,0,1,12
259,1987,0,1,12
260,1980,1,0,11
260,1981,1,0,11
260,1982,0,0,11
260,1983,0,1,11
260,1984,0,1,11
260,1985,0,1,11
260,1986,0,1,11
260,1987,0,1,11
309,1980,0,0,12
309,1981,0,0,12
309,1982,0,0,12
309,1983,0,1,12
309,1984,0,1,12
309,1985,0,1,12
309,1986,0,1,12
309,1987,0,1,12
351,1980,0,0,12
351,1981,0,0,12
351,1982,0,1,12
351,1983,0,1,12
351,1984,0,1,12
351,1985,0,1,12
351,1986,0,1,12
351,1987,0,1,12
353,1980,0,0,12
353,1981,1,0,12
353,1982,0,0,12
353,1983,0,0,12
353,1984,0,0,12
353,1985,0,0,12
353,1986,0,0,12
353,1987,0,0,12
383,1980,0,0,12
383,1981,0,0,12
383,1982,1,0,12
383,1983,0,0,12
383,1984,0,0,12
383,1985,0,0,12
383,1986,0,0,12
383,1987,0,0,12
408,1980,0,0,11
408,1981,0,1,11
408,1982,0,1,11
408,1983,0,1,11
408,1984,1,1,11
408,1985,1,1,11
408,1986,1,1,11
408,1987,1,1,11
424,1980,0,1,12
424,1981,0,1,12
424,1982,0,1,12
424,1983,0,1,12
424,1984,0,1,12
424,1985,0,1,12
424,1986,0,1,12
424,1987,0,1,12
464,1980,0,0,13
464,1981,0,0,13
464,1982,0,1,13
464,1983,0,1,13
464,1984,0,1,13
464,1985,0,1,13
464,1986,0,1,13
464,1987,0,1,13
483,1980,0,0,12
483,1981,0,0,12
483,1982,0,0,12
483,1983,1,0,12
483,1984,0,0,12
483,1985,0,0,12
483,1986,0,0,12
483,1987,0,0,12
556,1980,0,0,14
556,1981,0,0,14
556,1982,0,0,14
556,1983,0,0,14
556,1984,0,0,14
556,1985,0,0,14
556,1986,0,0,14
556,1987,0,0,14
560,1980,0,0,12
560,1981,0,0,12
560,1982,0,0,12
560,1983,0,0,12
560,1984,0,0,12
560,1985,0,0,12
560,1986,1,0,12
560,1987,0,0,12
569,1980,0,0,12
569,1981,0,0,12
569,1982,0,0,12
569,1983,0,0,12
569,1984,0,0,12
569,1985,0,0,12
569,1986,0,0,12
569,1987,0,0,12
583,1980,0,0,12
583,1981,0,0,12
583,1982,1,0,12
583,1983,1,0,12
583,1984,0,1,12
583,1985,0,1,12
583,1986,0,1,12
583,1987,0,0,12
647,1980,1,0,12
647,1981,1,1,12
647,1982,1,1,12
647,1983,1,1,12
647,1984,1,0,12
647,1985,1,1,12
647,1986,1,1,12
647,1987,1,1,12
658,1980,1,0,12
658,1981,0,0,12
658,1982,1,0,12
658,1983,1,0,12
658,1984,0,0,12
658,1985,0,0,12
658,1986,0,0,12
658,1987,0,0,12
684,1980,0,0,12
684,1981,0,0,12
684,1982,0,1,12
684,1983,0,1,12
684,1984,0,1,12
684,1985,0,1,12
684,1986,0,1,12
684,1987,0,1,12
711,1980,0,0,11
711,1981,0,0,11
711,1982,0,0,11
711,1983,0,0,11
711,1984,0,0,11
711,1985,0,0,11
711,1986,0,0,11
711,1987,0,0,11
729,1980,1,1,13
729,1981,0,0,13
729,1982,1,1,13
729,1983,1,1,13
729,1984,0,1,13
729,1985,0,1,13
729,1986,0,1,13
729,1987,0,1,13
731,1980,0,0,12
731,1981,0,1,12
731,1982,0,1,12
731,1983,0,1,12
731,1984,0,1,12
731,1985,0,0,12
731,1986,0,0,12
731,1987,0,0,12
732,1980,0,0,12
732,1981,0,0,12
732,1982,0,0,12
732,1983,0,0,12
732,1984,0,0,12
732,1985,0,0,12
732,1986,0,0,12
732,1987,0,0,12
793,1980,0,0,14
793,1981,0,0,14
793,1982,0,0,14
793,1983,0,0,14
793,1984,0,0,14
793,1985,0,0,14
793,1986,0,0,14
793,1987,0,0,14
797,1980,0,0,10
797,1981,1,0,10
797,1982,1,0,10
797,1983,0,1,10
797,1984,1,1,10
797,1985,1,1,10
797,1986,1,1,10
797,1987,1,1,10
800,1980,1,0,11
800,1981,1,0,11
800,1982,1,0,11
800,1983,1,0,11
800,1984,1,0,11
800,1985,0,0,11
800,1986,1,1,11
800,1987,1,1,11
813,1980,0,0,13
813,1981,0,0,13
813,1982,0,0,13
813,1983,0,0,13
813,1984,0,0,13
813,1985,0,0,13
813,1986,0,0,13
813,1987,0,0,13
823,1980,0,0,10
823,1981,0,0,10
823,1982,0,0,10
823,1983,0,0,10
823,1984,0,0,10
823,1985,0,0,10
823,1986,0,0,10
823,1987,0,0,10
827,1980,0,0,12
827,1981,0,0,12
827,1982,0,0,12
827,1983,0,0,12
827,1984,0,0,12
827,1985,0,0,12
827,1986,0,1,12
827,1987,0,1,12
847,1980,1,0,14
847,1981,1,0,14
847,1982,0,0,14
847,1983,0,0,14
847,1984,0,0,14
847,1985,1,0,14
847,1986,0,0,14
847,1987,1,1,14
851,1980,0,0,12
851,1981,0,0,12
851,1982,0,1,12
851,1983,0,1,12
851,1984,0,1,12
851,1985,1,1,12
851,1986,1,1,12
851,1987,1,0,12
863,1980,0,0,12
863,1981,0,0,12
863,1982,0,0,12
863,1983,0,0,12
863,1984,0,0,12
863,1985,0,1,12
863,1986,0,1,12
863,1987,0,1,12
873,1980,1,0,10
873,1981,0,0,10
873,1982,0,0,10
873,1983,1,0,10
873,1984,1,0,10
873,1985,1,0,10
873,1986,1,0,10
873,1987,1,0,10
891,1980,1,0,12
891,1981,1,1,12
891,1982,1,1,12
891,1983,1,0,12
891,1984,0,1,12
891,1985,1,1,12
891,1986,1,1,12
891,1987,0,0,12
908,1980,1,0,10
908,1981,1,0,10
908,1982,1,0,10
908,1983,1,0,10
908,1984,1,0,10
908,1985,0,0,10
908,1986,0,0,10
908,1987,0,1,10
910,1980,0,0,13
910,1981,0,0,13
910,1982,0,0,13
910,1983,0,0,13
910,1984,0,0,13
910,1985,0,0,13
910,1986,0,0,13
910,1987,0,0,13
916,1980,0,0,13
916,1981,0,0,13
916,1982,0,0,13
916,1983,0,0,13
916,1984,0,0,13
916,1985,0,0,13
916,1986,0,0,13
916,1987,0,0,13
919,1980,0,1,12
919,1981,1,1,12
919,1982,1,1,12
919,1983,1,1,12
919,1984,1,1,12
919,1985,1,1,12
919,1986,1,1,12
919,1987,1,1,12
922,1980,0,0,12
922,1981,0,0,12
922,1982,0,0,12
922,1983,0,0,12
922,1984,0,0,12
922,1985,0,0,12
922,1986,0,0,12
922,1987,0,1,12
924,1980,0,0,11
924,1981,0,0,11
924,1982,0,0,11
924,1983,0,0,11
924,1984,0,0,11
924,1985,0,0,11
924,1986,0,0,11
924,1987,0,1,11
925,1980,0,0,15
925,1981,0,0,15
925,1982,0,0,15
925,1983,0,0,15
925,1984,0,0,15
925,1985,0,1,15
925,1986,0,1,15
925,1987,0,1,15
944,1980,0,0,13
944,1981,0,0,13
944,1982,0,0,13
944,1983,0,0,13
944,1984,0,0,13
944,1985,0,0,13
944,1986,0,0,13
944,1987,0,0,13
945,1980,0,0,14
945,1981,0,0,14
945,1982,0,0,14
945,1983,0,0,14
945,1984,0,0,14
945,1985,0,0,14
945,1986,0,0,14
945,1987,0,0,14
947,1980,1,0,13
947,1981,1,0,13
947,1982,1,1,13
947,1983,0,1,13
947,1984,0,1,13
947,1985,0,1,13
947,1986,0,1,13
947,1987,0,1,13
955,1980,1,0,12
955,1981,1,0,12
955,1982,1,0,12
955,1983,1,0,12
955,1984,1,0,12
955,1985,1,0,12
955,1986,1,0,12
955,1987,1,0,12
965,1980,0,0,12
965,1981,0,0,12
965,1982,0,0,12
965,1983,0,0,12
965,1984,0,1,12
965,1985,0,1,12
965,1986,0,1,12
965,1987,0,1,12
996,1980,0,1,11
996,1981,0,1,11
996,1982,0,1,11
996,1983,0,1,11
996,1984,0,1,11
996,1985,0,1,11
996,1986,0,1,11
996,1987,0,1,11
1007,1980,0,0,12
1007,1981,0,0,12
1007,1982,0,0,12
1007,1983,0,0,12
1007,1984,0,0,12
1007,1985,0,0,12
1007,1986,0,1,12
1007,1987,0,1,12
1054,1980,0,0,10
1054,1981,0,0,10
1054,1982,0,0,10
1054,1983,0,1,10
1054,1984,0,1,10
1054,1985,0,1,10
1054,1986,0,1,10
1054,1987,1,1,10
1064,1980,0,1,12
1064,1981,0,1,12
1064,1982,0,1,12
1064,1983,0,1,12
1064,1984,0,1,12
1064,1985,0,1,12
1064,1986,0,1,12
1064,1987,0,1,12
1081,1980,0,0,10
1081,1981,0,0,10
1081,1982,0,0,10
1081,1983,0,0,10
1081,1984,0,0,10
1081,1985,0,0,10
1081,1986,0,0,10
1081,1987,0,0,10
1085,1980,0,0,12
1085,1981,0,0,12
1085,1982,0,0,12
1085,1983,0,0,12
1085,1984,0,1,12
1085,1985,0,1,12
1085,1986,0,1,12
1085,1987,0,0,12
1091,1980,1,0,9
1091,1981,0,1,9
1091,1982,1,1,9
1091,1983,0,1,9
1091,1984,0,1,9
1091,1985,1,1,9
1091,1986,0,1,9
1091,1987,0,1,9
1094,1980,0,1,12
1094,1981,0,1,12
1094,1982,0,1,12
1094,1983,0,1,12
1094,1984,0,1,12
1094,1985,0,1,12
1094,1986,0,1,12
1094,1987,0,1,12
1096,1980,0,0,11
1096,1981,0,0,11
1096,1982,0,0,11
1096,1983,0,0,11
1096,1984,0,0,11
1096,1985,0,0,11
1096,1986,0,1,11
1096,1987,1,1,11
1098,1980,0,0,14
1098,1981,0,0,14
1098,1982,0,0,14
1098,1983,0,0,14
1098,1984,0,0,14
1098,1985,0,0,14
1098,1986,0,0,14
1098,1987,0,1,14
1102,1980,0,0,13
1102,1981,0,0,13
1102,1982,0,0,13
1102,1983,0,0,13
1102,1984,0,0,13
1102,1985,0,0,13
1102,1986,0,0,13
1102,1987,0,0,13
1107,1980,0,0,12
1107,1981,0,1,12
1107,1982,0,1,12
1107,1983,0,1,12
1107,1984,0,1,12
1107,1985,0,1,12
1107,1986,0,1,12
1107,1987,0,1,12
1142,1980,0,0,14
1142,1981,0,0,14
1142,1982,0,0,14
1142,1983,0,0,14
1142,1984,0,0,14
1142,1985,0,1,14
1142,1986,0,1,14
1142,1987,0,1,14
1156,1980,0,0,12
1156,1981,0,0,12
1156,1982,0,0,12
1156,1983,0,0,12
1156,1984,0,0,12
1156,1985,0,0,12
1156,1986,0,0,12
1156,1987,0,0,12
1180,1980,0,0,13
1180,1981,0,0,13
1180,1982,1,0,13
1180,1983,1,0,13
1180,1984,0,1,13
1180,1985,0,1,13
1180,1986,0,1,13
1180,1987,0,1,13
1190,1980,0,0,12
1190,1981,0,0,12
1190,1982,0,0,12
1190,1983,0,0,12
1190,1984,0,0,12
1190,1985,0,0,12
1190,1986,0,0,12
1190,1987,0,1,12
1204,1980,0,0,8
1204,1981,1,0,8
1204,1982,1,0,8
1204,1983,1,0,8
1204,1984,1,0,8
1204,1985,1,0,8
1204,1986,1,0,8
1204,1987,1,0,8
1249,1980,0,0,11
1249,1981,0,1,11
1249,1982,0,0,11
1249,1983,0,1,11
1249,1984,0,1,11
1249,1985,0,0,11
1249,1986,0,1,11
1249,1987,0,0,11
1272,1980,0,1,12
1272,1981,0,0,12
1272,1982,1,0,12
1272,1983,0,0,12
1272,1984,0,0,12
1272,1985,1,0,12
1272,1986,0,1,12
1272,1987,0,1,12
1311,1980,0,0,15
1311,1981,0,0,15
1311,1982,0,0,15
1311,1983,0,0,15
1311,1984,0,0,15
1311,1985,0,0,15
1311,1986,0,0,15
1311,1987,0,0,15
1316,1980,0,0,8
1316,1981,0,0,8
1316,1982,0,1,8
1316,1983,0,1,8
1316,1984,0,1,8
1316,1985,0,1,8
1316,1986,0,1,8
1316,1987,0,1,8
1318,1980,0,0,8
1318,1981,0,0,8
1318,1982,0,0,8
1318,1983,0,0,8
1318,1984,0,0,8
1318,1985,0,0,8
1318,1986,0,0,8
1318,1987,0,0,8
1345,1980,0,0,12
1345,1981,0,1,12
1345,1982,0,1,12
1345,1983,0,1,12
1345,1984,0,1,12
1345,1985,0,1,12
1345,1986,0,1,12
1345,1987,0,1,12
1397,1980,1,0,12
1397,1981,1,0,12
1397,1982,1,0,12
1397,1983,1,0,12
1397,1984,1,0,12
1397,1985,1,0,12
1397,1986,1,0,12
1397,1987,1,0,12
1434,1980,0,0,10
1434,1981,0,1,10
1434,1982,1,1,10
1434,1983,1,1,10
1434,1984,1,1,10
1434,1985,1,1,10
1434,1986,0,1,10
1434,1987,0,1,10
1492,1980,0,0,13
1492,1981,0,0,13
1492,1982,0,0,13
1492,1983,0,1,13
1492,1984,0,0,13
1492,1985,0,1,13
1492,1986,0,1,13
1492,1987,0,1,13
1496,1980,1,0,12
1496,1981,1,0,12
1496,1982,0,0,12
1496,1983,0,0,12
1496,1984,0,0,12
1496,1985,0,0,12
1496,1986,0,0,12
1496,1987,0,0,12
1506,1980,0,0,12
1506,1981,0,0,12
1506,1982,0,0,12
1506,1983,0,0,12
1506,1984,0,0,12
1506,1985,0,0,12
1506,1986,0,0,12
1506,1987,0,0,12
1515,1980,0,0,10
1515,1981,1,0,10
1515,1982,0,0,10
1515,1983,0,0,10
1515,1984,0,0,10
1515,1985,0,0,10
1515,1986,0,0,10
1515,1987,0,1,10
1520,1980,1,1,12
1520,1981,1,1,12
1520,1982,0,1,12
1520,1983,0,1,12
1520,1984,0,1,12
1520,1985,0,1,12
1520,1986,0,1,12
1520,1987,1,1,12
1528,1980,1,0,10
1528,1981,0,0,10
1528,1982,0,0,10
1528,1983,0,0,10
1528,1984,0,0,10
1528,1985,0,0,10
1528,1986,0,0,10
1528,1987,0,0,10
1554,1980,0,0,12
1554,1981,0,1,12
1554,1982,1,1,12
1554,1983,0,1,12
1554,1984,0,1,12
1554,1985,0,1,12
1554,1986,0,1,12
1554,1987,0,1,12
1575,1980,0,0,13
1575,1981,0,1,13
1575,1982,0,1,13
1575,1983,0,1,13
1575,1984,0,1,13
1575,1985,0,1,13
1575,1986,0,1,13
1575,1987,0,1,13
1576,1980,0,1,11
1576,1981,0,1,11
1576,1982,0,1,11
1576,1983,0,1,11
1576,1984,0,1,11
1576,1985,0,0,11
1576,1986,0,0,11
1576,1987,0,0,11
1628,1980,0,0,12
1628,1981,0,0,12
1628,1982,0,0,12
1628,1983,0,0,12
1628,1984,0,0,12
1628,1985,0,0,12
1628,1986,0,0,12
1628,1987,0,0,12
1641,1980,0,0,12
1641,1981,0,1,12
1641,1982,0,1,12
1641,1983,0,1,12
1641,1984,0,1,12
1641,1985,0,1,12
1641,1986,0,1,12
1641,1987,0,1,12
1644,1980,1,0,12
1644,1981,0,0,12
1644,1982,0,0,12
1644,1983,0,0,12
1644,1984,0,0,12
1644,1985,0,0,12
1644,1986,0,0,12
1644,1987,0,1,12
1653,1980,1,0,15
1653,1981,1,0,15
1653,1982,1,0,15
1653,1983,1,0,15
1653,1984,1,0,15
1653,1985,0,0,15
1653,1986,0,0,15
1653,1987,0,0,15
1654,1980,0,0,11
1654,1981,0,0,11
1654,1982,0,0,11
1654,1983,0,0,11
1654,1984,0,0,11
1654,1985,0,1,11
1654,1986,0,1,11
1654,1987,0,1,11
1721,1980,0,0,11
1721,1981,1,0,11
1721,1982,0,0,11
1721,1983,0,0,11
1721,1984,0,0,11
1721,1985,1,0,11
1721,1986,0,0,11
1721,1987,0,0,11
1742,1980,1,0,12
1742,1981,1,0,12
1742,1982,0,1,12
1742,1983,0,1,12
1742,1984,0,0,12
1742,1985,0,0,12
1742,1986,0,0,12
1742,1987,0,0,12
1744,1980,1,0,11
1744,1981,1,0,11
1744,1982,1,0,11
1744,1983,1,0,11
1744,1984,1,0,11
1744,1985,1,0,11
1744,1986,1,0,11
1744,1987,1,0,11
1763,1980,0,0,11
1763,1981,0,0,11
1763,1982,1,0,11
1763,1983,1,0,11
1763,1984,0,0,11
1763,1985,0,0,11
1763,1986,0,0,11
1763,1987,0,0,11
1777,1980,0,0,15
1777,1981,0,0,15
1777,1982,0,0,15
1777,1983,0,1,15
1777,1984,0,1,15
1777,1985,1,0,15
1777,1986,1,0,15
1777,1987,0,0,15
1843,1980,0,1,15
1843,1981,0,1,15
1843,1982,0,1,15
1843,1983,0,1,15
1843,1984,0,1,15
1843,1985,0,1,15
1843,1986,0,1,15
1843,1987,0,1,15
1891,1980,1,0,12
1891,1981,0,0,12
1891,1982,0,0,12
1891,1983,0,0,12
1891,1984,0,0,12
1891,1985,0,0,12
1891,1986,0,0,12
1891,1987,0,0,12
1895,1980,0,0,13
1895,1981,0,1,13
1895,1982,1,1,13
1895,1983,1,1,13
1895,1984,1,1,13
1895,1985,1,1,13
1895,1986,1,1,13
1895,1987,1,1,13
1899,1980,0,0,12
1899,1981,0,0,12
1899,1982,0,1,12
1899,1983,0,1,12
1899,1984,0,1,12
1899,1985,0,1,12
1899,1986,0,1,12
1899,1987,0,1,12
1925,1980,0,0,11
1925,1981,0,0,11
1925,1982,0,0,11
1925,1983,0,0,11
1925,1984,0,1,11
1925,1985,0,1,11
1925,1986,0,1,11
1925,1987,0,1,11
1930,1980,0,0,11
1930,1981,0,0,11
1930,1982,0,0,11
1930,1983,0,0,11
1930,1984,0,0,11
1930,1985,0,0,11
1930,1986,0,0,11
1930,1987,0,1,11
1961,1980,0,1,12
1961,1981,0,1,12
1961,1982,0,1,12
1961,1983,0,1,12
1961,1984,0,1,12
1961,1985,0,1,12
1961,1986,0,1,12
1961,1987,0,1,12
1963,1980,0,0,11
1963,1981,0,0,11
1963,1982,0,1,11
1963,1983,0,1,11
1963,1984,0,1,11
1963,1985,0,1,11
1963,1986,0,1,11
1963,1987,0,1,11
1979,1980,1,1,12
1979,1981,1,0,12
1979,1982,1,0,12
1979,1983,1,0,12
1979,1984,1,1,12
1979,1985,1,1,12
1979,1986,1,1,12
1979,1987,1,1,12
1988,1980,0,0,12
1988,1981,0,0,12
1988,1982,1,0,12
1988,1983,0,0,12
1988,1984,0,0,12
1988,1985,0,0,12
1988,1986,0,0,12
1988,1987,0,0,12
2000,1980,1,0,11
2000,1981,0,0,11
2000,1982,1,1,11
2000,1983,0,1,11
2000,1984,0,1,11
2000,1985,0,1,11
2000,1986,0,1,11
2000,1987,1,1,11
2014,1980,1,0,12
2014,1981,0,0,12
2014,1982,0,0,12
2014,1983,0,0,12
2014,1984,0,0,12
2014,1985,0,0,12
2014,1986,0,0,12
2014,1987,0,0,12
2025,1980,0,0,13
2025,1981,0,1,13
2025,1982,0,1,13
2025,1983,0,1,13
2025,1984,0,1,13
2025,1985,0,1,13
2025,1986,0,1,13
2025,1987,1,1,13
2038,1980,0,0,10
2038,1981,0,0,10
2038,1982,0,0,10
2038,1983,0,0,10
2038,1984,0,0,10
2038,1985,0,0,10
2038,1986,0,0,10
2038,1987,0,0,10
2075,1980,1,1,12
2075,1981,1,1,12
2075,1982,1,1,12
2075,1983,0,1,12
2075,1984,0,1,12
2075,1985,0,1,12
2075,1986,0,1,12
2075,1987,0,1,12
2101,1980,0,0,12
2101,1981,0,0,12
2101,1982,0,0,12
2101,1983,1,0,12
2101,1984,0,0,12
2101,1985,1,0,12
2101,1986,1,1,12
2101,1987,0,1,12
2106,1980,1,0,12
2106,1981,1,0,12
2106,1982,1,0,12
2106,1983,1,1,12
2106,1984,1,1,12
2106,1985,1,1,12
2106,1986,1,1,12
2106,1987,1,1,12
2107,1980,0,0,10
2107,1981,0,0,10
2107,1982,1,0,10
2107,1983,1,0,10
2107,1984,0,1,10
2107,1985,0,1,10
2107,1986,0,1,10
2107,1987,0,1,10
2108,1980,0,0,12
2108,1981,1,0,12
2108,1982,1,1,12
2108,1983,1,1,12
2108,1984,1,1,12
2108,1985,1,1,12
2108,1986,1,1,12
2108,1987,1,1,12
2147,1980,0,0,11
2147,1981,0,0,11
2147,1982,0,0,11
2147,1983,0,0,11
2147,1984,0,0,11
2147,1985,0,0,11
2147,1986,0,0,11
2147,1987,0,0,11
2157,1980,0,0,11
2157,1981,0,1,11
2157,1982,0,1,11
2157,1983,0,1,11
2157,1984,1,1,11
2157,1985,0,1,11
2157,1986,0,1,11
2157,1987,0,1,11
2163,1980,1,1,12
2163,1981,1,1,12
2163,1982,1,1,12
2163,1983,1,1,12
2163,1984,1,1,12
2163,1985,1,1,12
2163,1986,1,1,12
2163,1987,1,1,12
2173,1980,0,0,12
2173,1981,0,0,12
2173,1982,0,0,12
2173,1983,0,1,12
2173,1984,0,1,12
2173,1985,0,1,12
2173,1986,0,1,12
2173,1987,0,1,12
2180,1980,0,0,10
2180,1981,0,0,10
2180,1982,0,0,10
2180,1983,0,0,10
2180,1984,0,1,10
2180,1985,0,1,10
2180,1986,0,1,10
2180,1987,0,1,10
2183,1980,0,0,13
2183,1981,0,0,13
2183,1982,0,0,13
2183,1983,0,1,13
2183,1984,0,1,13
2183,1985,0,1,13
2183,1986,0,1,13
2183,1987,0,1,13
2216,1980,0,1,12
2216,1981,0,1,12
2216,1982,0,0,12
2216,1983,0,0,12
2216,1984,1,1,12
2216,1985,0,1,12
2216,1986,0,0,12
2216,1987,0,1,12
2220,1980,1,0,14
2220,1981,1,0,14
2220,1982,1,0,14
2220,1983,0,1,14
2220,1984,1,1,14
2220,1985,0,0,14
2220,1986,0,0,14
2220,1987,0,1,14
2227,1980,0,1,12
2227,1981,0,1,12
2227,1982,1,1,12
2227,1983,0,1,12
2227,1984,0,1,12
2227,1985,0,1,12
2227,1986,0,0,12
2227,1987,1,1,12
2264,1980,0,0,12
2264,1981,0,0,12
2264,1982,1,0,12
2264,1983,1,0,12
2264,1984,1,0,12
2264,1985,0,0,12
2264,1986,0,1,12
2264,1987,1,1,12
2306,1980,0,0,9
2306,1981,0,1,9
2306,1982,0,1,9
2306,1983,0,1,9
2306,1984,0,1,9
2306,1985,1,1,9
2306,1986,0,1,9
2306,1987,0,1,9
2312,1980,0,1,13
2312,1981,0,1,13
2312,1982,0,1,13
2312,1983,0,1,13
2312,1984,0,0,13
2312,1985,0,0,13
2312,1986,0,0,13
2312,1987,0,0,13
2314,1980,0,0,12
2314,1981,0,0,12
2314,1982,0,0,12
2314,1983,0,1,12
2314,1984,1,1,12
2314,1985,1,1,12
2314,1986,1,1,12
2314,1987,1,1,12
2329,1980,0,1,14
2329,1981,0,1,14
2329,1982,0,1,14
2329,1983,0,1,14
2329,1984,0,1,14
2329,1985,0,1,14
2329,1986,0,1,14
2329,1987,0,1,14
2335,1980,0,0,12
2335,1981,0,0,12
2335,1982,0,0,12
2335,1983,0,0,12
2335,1984,0,0,12
2335,1985,0,0,12
2335,1986,0,0,12
2335,1987,0,1,12
2341,1980,0,0,11
2341,1981,1,0,11
2341,1982,1,0,11
2341,1983,1,0,11
2341,1984,1,0,11
2341,1985,1,0,11
2341,1986,1,0,11
2341,1987,1,0,11
2351,1980,0,0,11
2351,1981,0,0,11
2351,1982,0,0,11
2351,1983,0,0,11
2351,1984,0,0,11
2351,1985,0,0,11
2351,1986,0,0,11
2351,1987,0,0,11
2386,1980,1,0,10
2386,1981,1,0,10
2386,1982,0,0,10
2386,1983,0,0,10
2386,1984,0,0,10
2386,1985,0,0,10
2386,1986,0,0,10
2386,1987,0,1,10
2401,1980,1,1,12
2401,1981,1,1,12
2401,1982,1,1,12
2401,1983,0,1,12
2401,1984,1,1,12
2401,1985,1,1,12
2401,1986,1,0,12
2401,1987,0,0,12
2413,1980,1,0,12
2413,1981,1,0,12
2413,1982,1,1,12
2413,1983,1,1,12
2413,1984,1,1,12
2413,1985,1,1,12
2413,1986,1,1,12
2413,1987,1,1,12
2421,1980,0,0,12
2421,1981,0,0,12
2421,1982,0,0,12
2421,1983,0,1,12
2421,1984,0,1,12
2421,1985,0,1,12
2421,1986,0,1,12
2421,1987,0,1,12
2445,1980,1,1,12
2445,1981,0,0,12
2445,1982,0,1,12
2445,1983,0,1,12
2445,1984,0,1,12
2445,1985,0,1,12
2445,1986,0,1,12
2445,1987,0,1,12
2451,1980,0,1,12
2451,1981,0,1,12
2451,1982,0,1,12
2451,1983,0,1,12
2451,1984,0,1,12
2451,1985,0,1,12
2451,1986,0,1,12
2451,1987,0,1,12
2494,1980,0,0,13
2494,1981,0,1,13
2494,1982,1,1,13
2494,1983,0,1,13
2494,1984,1,1,13
2494,1985,1,1,13
2494,1986,1,1,13
2494,1987,1,1,13
2508,1980,0,0,13
2508,1981,0,1,13
2508,1982,0,1,13
2508,1983,0,1,13
2508,1984,0,1,13
2508,1985,0,1,13
2508,1986,0,1,13
2508,1987,0,1,13
2535,1980,1,1,12
2535,1981,1,1,12
2535,1982,0,1,12
2535,1983,0,1,12
2535,1984,0,1,12
2535,1985,0,1,12
2535,1986,1,1,12
2535,1987,0,1,12
2540,1980,0,0,10
2540,1981,0,0,10
2540,1982,1,0,10
2540,1983,0,0,10
2540,1984,0,0,10
2540,1985,0,1,10
2540,1986,0,1,10
2540,1987,0,1,10
2685,1980,0,0,13
2685,1981,0,0,13
2685,1982,0,0,13
2685,1983,0,0,13
2685,1984,0,0,13
2685,1985,0,0,13
2685,1986,0,0,13
2685,1987,0,0,13
2711,1980,1,1,12
2711,1981,0,1,12
2711,1982,1,0,12
2711,1983,0,0,12
2711,1984,1,0,12
2711,1985,0,1,12
2711,1986,0,0,12
2711,1987,1,0,12
2718,1980,1,1,11
2718,1981,1,1,11
2718,1982,1,0,11
2718,1983,1,0,11
2718,1984,1,0,11
2718,1985,1,0,11
2718,1986,1,0,11
2718,1987,1,0,11
2721,1980,0,1,9
2721,1981,0,1,9
2721,1982,1,1,9
2721,1983,0,1,9
2721,1984,1,1,9
2721,1985,0,1,9
2721,1986,0,1,9
2721,1987,0,1,9
2733,1980,0,0,12
2733,1981,0,0,12
2733,1982,1,1,12
2733,1983,0,1,12
2733,1984,1,1,12
2733,1985,0,1,12
2733,1986,0,1,12
2733,1987,0,1,12
2741,1980,0,1,12
2741,1981,0,1,12
2741,1982,0,1,12
2741,1983,0,1,12
2741,1984,1,1,12
2741,1985,0,1,12
2741,1986,0,1,12
2741,1987,0,1,12
2745,1980,0,0,12
2745,1981,1,0,12
2745,1982,0,0,12
2745,1983,0,1,12
2745,1984,0,1,12
2745,1985,0,1,12
2745,1986,0,0,12
2745,1987,0,0,12
2751,1980,1,0,12
2751,1981,0,1,12
2751,1982,1,1,12
2751,1983,1,1,12
2751,1984,1,1,12
2751,1985,1,1,12
2751,1986,0,1,12
2751,1987,1,1,12
2774,1980,0,1,14
2774,1981,0,1,14
2774,1982,0,1,14
2774,1983,0,1,14
2774,1984,0,1,14
2774,1985,0,1,14
2774,1986,0,1,14
2774,1987,0,1,14
2801,1980,1,0,10
2801,1981,0,1,10
2801,1982,0,1,10
2801,1983,0,0,10
2801,1984,0,0,10
2801,1985,0,1,10
2801,1986,0,1,10
2801,1987,1,1,10
2813,1980,0,1,13
2813,1981,0,1,13
2813,1982,0,1,13
2813,1983,0,1,13
2813,1984,0,1,13
2813,1985,0,1,13
2813,1986,0,1,13
2813,1987,0,1,13
2833,1980,0,1,12
2833,1981,0,1,12
2833,1982,0,1,12
2833,1983,0,1,12
2833,1984,0,1,12
2833,1985,0,1,12
2833,1986,0,1,12
2833,1987,0,1,12
2839,1980,0,0,13
2839,1981,0,0,13
2839,1982,0,0,13
2839,1983,0,0,13
2839,1984,0,0,13
2839,1985,0,0,13
2839,1986,0,0,13
2839,1987,0,0,13
2842,1980,0,0,13
2842,1981,0,0,13
2842,1982,0,0,13
2842,1983,0,0,13
2842,1984,0,0,13
2842,1985,0,0,13
2842,1986,0,0,13
2842,1987,0,0,13
2866,1980,0,0,9
2866,1981,1,1,9
2866,1982,0,1,9
2866,1983,0,1,9
2866,1984,0,1,9
2866,1985,0,1,9
2866,1986,0,1,9
2866,1987,0,1,9
2868,1980,1,0,13
2868,1981,0,0,13
2868,1982,0,0,13
2868,1983,0,1,13
2868,1984,0,1,13
2868,1985,0,1,13
2868,1986,0,1,13
2868,1987,0,1,13
2874,1980,0,0,9
2874,1981,0,0,9
2874,1982,0,0,9
2874,1983,0,0,9
2874,1984,0,0,9
2874,1985,0,0,9
2874,1986,0,0,9
2874,1987,0,0,9
2916,1980,0,0,12
2916,1981,0,0,12
2916,1982,0,0,12
2916,1983,0,0,12
2916,1984,0,0,12
2916,1985,0,0,12
2916,1986,0,0,12
2916,1987,0,0,12
2951,1980,0,0,9
2951,1981,0,0,9
2951,1982,0,0,9
2951,1983,0,0,9
2951,1984,0,0,9
2951,1985,0,0,9
2951,1986,0,0,9
2951,1987,0,0,9
2980,1980,0,1,15
2980,1981,0,1,15
2980,1982,0,1,15
2980,1983,0,1,15
2980,1984,0,1,15
2980,1985,0,1,15
2980,1986,0,1,15
2980,1987,0,1,15
2994,1980,0,0,12
2994,1981,0,0,12
2994,1982,0,1,12
2994,1983,0,1,12
2994,1984,0,1,12
2994,1985,0,1,12
2994,1986,0,1,12
2994,1987,0,1,12
2997,1980,0,0,12
2997,1981,0,0,12
2997,1982,0,0,12
2997,1983,0,0,12
2997,1984,0,0,12
2997,1985,0,1,12
2997,1986,0,1,12
2997,1987,0,1,12
3017,1980,1,0,14
3017,1981,1,1,14
3017,1982,1,1,14
3017,1983,1,1,14
3017,1984,0,1,14
3017,1985,0,1,14
3017,1986,0,1,14
3017,1987,0,1,14
3037,1980,1,0,12
3037,1981,1,1,12
3037,1982,1,1,12
3037,1983,1,1,12
3037,1984,1,1,12
3037,1985,1,1,12
3037,1986,1,1,12
3037,1987,1,1,12
3059,1980,1,0,12
3059,1981,1,0,12
3059,1982,1,0,12
3059,1983,1,0,12
3059,1984,1,1,12
3059,1985,1,1,12
3059,1986,1,1,12
3059,1987,1,1,12
3062,1980,0,0,15
3062,1981,0,0,15
3062,1982,0,0,15
3062,1983,0,0,15
3062,1984,0,0,15
3062,1985,0,0,15
3062,1986,0,0,15
3062,1987,0,0,15
3100,1980,0,1,12
3100,1981,0,1,12
3100,1982,0,1,12
3100,1983,0,1,12
3100,1984,1,1,12
3100,1985,1,1,12
3100,1986,1,1,12
3100,1987,1,1,12
3102,1980,0,0,12
3102,1981,0,0,12
3102,1982,0,0,12
3102,1983,0,0,12
3102,1984,0,0,12
3102,1985,0,0,12
3102,1986,0,0,12
3102,1987,0,0,12
3127,1980,0,0,10
3127,1981,0,0,10
3127,1982,0,0,10
3127,1983,0,0,10
3127,1984,0,0,10
3127,1985,0,0,10
3127,1986,0,0,10
3127,1987,0,1,10
3136,1980,1,0,12
3136,1981,1,0,12
3136,1982,1,0,12
3136,1983,1,0,12
3136,1984,1,0,12
3136,1985,1,0,12
3136,1986,1,0,12
3136,1987,1,0,12
3137,1980,0,0,14
3137,1981,0,0,14
3137,1982,0,0,14
3137,1983,0,0,14
3137,1984,0,1,14
3137,1985,0,0,14
3137,1986,0,0,14
3137,1987,0,0,14
3138,1980,1,0,12
3138,1981,1,0,12
3138,1982,1,0,12
3138,1983,0,0,12
3138,1984,1,0,12
3138,1985,0,0,12
3138,1986,0,0,12
3138,1987,1,0,12
3140,1980,0,0,13
3140,1981,0,0,13
3140,1982,0,1,13
3140,1983,0,1,13
3140,1984,0,1,13
3140,1985,0,1,13
3140,1986,0,1,13
3140,1987,0,1,13
3193,1980,0,0,11
3193,1981,0,0,11
3193,1982,0,0,11
3193,1983,0,0,11
3193,1984,0,0,11
3193,1985,0,1,11
3193,1986,0,1,11
3193,1987,0,1,11
3196,1980,1,0,12
3196,1981,1,0,12
3196,1982,1,0,12
3196,1983,1,0,12
3196,1984,1,0,12
3196,1985,1,0,12
3196,1986,1,0,12
3196,1987,0,0,12
3200,1980,1,0,8
3200,1981,1,0,8
3200,1982,1,0,8
3200,1983,1,0,8
3200,1984,1,0,8
3200,1985,0,0,8
3200,1986,0,0,8
3200,1987,0,1,8
3202,1980,1,0,12
3202,1981,1,0,12
3202,1982,1,1,12
3202,1983,1,1,12
3202,1984,1,1,12
3202,1985,1,1,12
3202,1986,1,1,12
3202,1987,1,1,12
3207,1980,0,1,12
3207,1981,0,1,12
3207,1982,0,1,12
3207,1983,0,1,12
3207,1984,0,1,12
3207,1985,0,1,12
3207,1986,0,1,12
3207,1987,0,1,12
3208,1980,1,0,12
3208,1981,1,1,12
3208,1982,1,1,12
3208,1983,1,1,12
3208,1984,1,1,12
3208,1985,0,1,12
3208,1986,0,1,12
3208,1987,0,1,12
3210,1980,1,0,10
3210,1981,1,0,10
3210,1982,1,0,10
3210,1983,1,0,10
3210,1984,1,0,10
3210,1985,1,0,10
3210,1986,0,0,10
3210,1987,0,0,10
3215,1980,0,0,12
3215,1981,1,0,12
3215,1982,0,0,12
3215,1983,1,0,12
3215,1984,1,0,12
3215,1985,1,0,12
3215,1986,1,0,12
3215,1987,1,0,12
3219,1980,0,0,11
3219,1981,1,0,11
3219,1982,0,0,11
3219,1983,0,0,11
3219,1984,1,0,11
3219,1985,1,0,11
3219,1986,0,0,11
3219,1987,0,0,11
3226,1980,0,0,13
3226,1981,0,0,13
3226,1982,0,0,13
3226,1983,0,0,13
3226,1984,0,0,13
3226,1985,0,0,13
3226,1986,0,1,13
3226,1987,0,1,13
3235,1980,0,0,12
3235,1981,0,1,12
3235,1982,1,1,12
3235,1983,0,1,12
3235,1984,0,1,12
3235,1985,0,1,12
3235,1986,0,1,12
3235,1987,0,1,12
3239,1980,0,0,11
3239,1981,0,0,11
3239,1982,0,0,11
3239,1983,0,0,11
3239,1984,0,0,11
3239,1985,0,0,11
3239,1986,0,0,11
3239,1987,1,0,11
3271,1980,1,0,7
3271,1981,1,0,7
3271,1982,0,0,7
3271,1983,0,0,7
3271,1984,0,0,7
3271,1985,0,0,7
3271,1986,0,0,7
3271,1987,0,0,7
3275,1980,0,0,12
3275,1981,0,0,12
3275,1982,0,0,12
3275,1983,0,0,12
3275,1984,0,0,12
3275,1985,0,0,12
3275,1986,0,0,12
3275,1987,0,0,12
3282,1980,0,0,10
3282,1981,0,0,10
3282,1982,0,0,10
3282,1983,1,0,10
3282,1984,0,0,10
3282,1985,0,0,10
3282,1986,0,0,10
3282,1987,1,0,10
3289,1980,0,0,15
3289,1981,1,0,15
3289,1982,0,0,15
3289,1983,0,1,15
3289,1984,0,1,15
3289,1985,0,1,15
3289,1986,0,1,15
3289,1987,0,1,15
3290,1980,0,0,12
3290,1981,0,0,12
3290,1982,1,0,12
3290,1983,0,0,12
3290,1984,0,0,12
3290,1985,0,1,12
3290,1986,0,1,12
3290,1987,0,1,12
3307,1980,1,0,14
3307,1981,1,0,14
3307,1982,0,0,14
3307,1983,1,0,14
3307,1984,1,0,14
3307,1985,1,0,14
3307,1986,1,0,14
3307,1987,1,0,14
3333,1980,0,0,12
3333,1981,0,0,12
3333,1982,0,0,12
3333,1983,0,0,12
3333,1984,0,0,12
3333,1985,0,0,12
3333,1986,0,0,12
3333,1987,0,1,12
3353,1980,0,0,10
3353,1981,0,0,10
3353,1982,0,0,10
3353,1983,0,0,10
3353,1984,0,0,10
3353,1985,0,0,10
3353,1986,0,0,10
3353,1987,0,0,10
3380,1980,0,0,12
3380,1981,0,0,12
3380,1982,0,0,12
3380,1983,0,1,12
3380,1984,0,1,12
3380,1985,0,1,12
3380,1986,0,1,12
3380,1987,0,1,12
3381,1980,0,0,10
3381,1981,0,0,10
3381,1982,0,0,10
3381,1983,0,0,10
3381,1984,0,1,10
3381,1985,0,1,10
3381,1986,0,1,10
3381,1987,0,1,10
3389,1980,0,0,12
3389,1981,0,0,12
3389,1982,0,0,12
3389,1983,0,0,12
3389,1984,0,1,12
3389,1985,0,1,12
3389,1986,0,1,12
3389,1987,0,1,12
3394,1980,0,0,15
3394,1981,0,0,15
3394,1982,0,0,15
3394,1983,0,0,15
3394,1984,0,1,15
3394,1985,0,1,15
3394,1986,0,1,15
3394,1987,0,1,15
3401,1980,0,0,11
3401,1981,0,0,11
3401,1982,0,0,11
3401,1983,0,1,11
3401,1984,0,1,11
3401,1985,0,1,11
3401,1986,0,1,11
3401,1987,0,1,11
3414,1980,0,0,16
3414,1981,0,0,16
3414,1982,0,0,16
3414,1983,0,0,16
3414,1984,0,0,16
3414,1985,0,1,16
3414,1986,0,1,16
3414,1987,0,1,16
3420,1980,0,0,13
3420,1981,0,0,13
3420,1982,0,0,13
3420,1983,0,0,13
3420,1984,0,0,13
3420,1985,0,0,13
3420,1986,0,0,13
3420,1987,0,0,13
3440,1980,0,0,11
3440,1981,0,0,11
3440,1982,1,1,11
3440,1983,1,1,11
3440,1984,1,1,11
3440,1985,1,1,11
3440,1986,0,0,11
3440,1987,1,1,11
3461,1980,0,0,11
3461,1981,0,0,11
3461,1982,0,0,11
3461,1983,0,0,11
3461,1984,0,0,11
3461,1985,0,0,11
3461,1986,0,0,11
3461,1987,0,0,11
3468,1980,0,0,14
3468,1981,0,0,14
3468,1982,0,0,14
3468,1983,0,0,14
3468,1984,0,0,14
3468,1985,0,0,14
3468,1986,0,0,14
3468,1987,0,0,14
3482,1980,0,0,13
3482,1981,0,0,13
3482,1982,0,0,13
3482,1983,0,0,13
3482,1984,0,0,13
3482,1985,0,0,13
3482,1986,0,0,13
3482,1987,0,1,13
3495,1980,1,0,12
3495,1981,1,0,12
3495,1982,1,0,12
3495,1983,1,0,12
3495,1984,1,0,12
3495,1985,1,0,12
3495,1986,0,1,12
3495,1987,1,1,12
3503,1980,1,0,12
3503,1981,1,0,12
3503,1982,1,0,12
3503,1983,1,0,12
3503,1984,1,0,12
3503,1985,1,0,12
3503,1986,1,1,12
3503,1987,0,1,12
3525,1980,1,0,14
3525,1981,0,0,14
3525,1982,0,0,14
3525,1983,0,0,14
3525,1984,0,0,14
3525,1985,0,0,14
3525,1986,0,0,14
3525,1987,0,0,14
3526,1980,0,0,12
3526,1981,0,1,12
3526,1982,0,1,12
3526,1983,0,1,12
3526,1984,1,1,12
3526,1985,1,1,12
3526,1986,1,1,12
3526,1987,1,1,12
3538,1980,1,1,12
3538,1981,1,1,12
3538,1982,1,1,12
3538,1983,1,1,12
3538,1984,1,1,12
3538,1985,1,1,12
3538,1986,1,0,12
3538,1987,0,0,12
3563,1980,1,0,11
3563,1981,1,0,11
3563,1982,0,0,11
3563,1983,0,0,11
3563,1984,1,1,11
3563,1985,1,1,11
3563,1986,0,1,11
3563,1987,1,1,11
3575,1980,0,0,12
3575,1981,0,1,12
3575,1982,0,1,12
3575,1983,0,1,12
3575,1984,0,1,12
3575,1985,0,1,12
3575,1986,0,1,12
3575,1987,0,1,12
3580,1980,0,0,12
3580,1981,0,0,12
3580,1982,0,0,12
3580,1983,0,0,12
3580,1984,0,0,12
3580,1985,0,0,12
3580,1986,0,0,12
3580,1987,0,1,12
3581,1980,0,0,14
3581,1981,0,0,14
3581,1982,0,0,14
3581,1983,0,0,14
3581,1984,0,1,14
3581,1985,0,1,14
3581,1986,0,1,14
3581,1987,0,1,14
3589,1980,1,1,12
3589,1981,1,1,12
3589,1982,1,1,12
3589,1983,1,1,12
3589,1984,1,1,12
3589,1985,1,1,12
3589,1986,1,1,12
3589,1987,1,1,12
3591,1980,0,0,12
3591,1981,0,0,12
3591,1982,1,1,12
3591,1983,1,1,12
3591,1984,1,1,12
3591,1985,1,1,12
3591,1986,1,0,12
3591,1987,1,0,12
3598,1980,0,0,12
3598,1981,0,0,12
3598,1982,0,0,12
3598,1983,0,0,12
3598,1984,0,0,12
3598,1985,0,1,12
3598,1986,0,1,12
3598,1987,1,1,12
3602,1980,1,0,12
3602,1981,1,0,12
3602,1982,0,0,12
3602,1983,1,1,12
3602,1984,1,1,12
3602,1985,1,1,12
3602,1986,0,1,12
3602,1987,1,1,12
3607,1980,0,0,10
3607,1981,0,0,10
3607,1982,0,0,10
3607,1983,0,0,10
3607,1984,0,0,10
3607,1985,0,0,10
3607,1986,0,0,10
3607,1987,0,0,10
3621,1980,0,0,12
3621,1981,1,0,12
3621,1982,1,0,12
3621,1983,1,0,12
3621,1984,1,0,12
3621,1985,1,0,12
3621,1986,1,0,12
3621,1987,0,0,12
3628,1980,0,1,14
3628,1981,0,1,14
3628,1982,0,1,14
3628,1983,0,1,14
3628,1984,0,1,14
3628,1985,0,1,14
3628,1986,0,1,14
3628,1987,0,1,14
3653,1980,0,1,12
3653,1981,0,1,12
3653,1982,0,1,12
3653,1983,0,1,12
3653,1984,0,1,12
3653,1985,0,0,12
3653,1986,0,0,12
3653,1987,0,1,12
3706,1980,0,0,13
3706,1981,0,0,13
3706,1982,0,0,13
3706,1983,0,0,13
3706,1984,0,0,13
3706,1985,0,0,13
3706,1986,0,0,13
3706,1987,0,1,13
3707,1980,0,0,13
3707,1981,0,1,13
3707,1982,0,1,13
3707,1983,0,1,13
3707,1984,0,1,13
3707,1985,0,1,13
3707,1986,0,1,13
3707,1987,0,1,13
3708,1980,0,0,12
3708,1981,0,0,12
3708,1982,1,0,12
3708,1983,1,0,12
3708,1984,1,0,12
3708,1985,1,0,12
3708,1986,1,0,12
3708,1987,1,0,12
3743,1980,0,0,11
3743,1981,0,0,11
3743,1982,0,0,11
3743,1983,0,0,11
3743,1984,0,1,11
3743,1985,0,1,11
3743,1986,0,1,11
3743,1987,0,1,11
3777,1980,1,1,12
3777,1981,1,1,12
3777,1982,1,1,12
3777,1983,1,1,12
3777,1984,1,1,12
3777,1985,1,1,12
3777,1986,1,1,12
3777,1987,1,1,12
3831,1980,0,0,11
3831,1981,0,0,11
3831,1982,0,0,11
3831,1983,0,0,11
3831,1984,0,0,11
3831,1985,0,1,11
3831,1986,0,1,11
3831,1987,0,1,11
3844,1980,0,0,11
3844,1981,0,0,11
3844,1982,0,0,11
3844,1983,0,0,11
3844,1984,0,0,11
3844,1985,0,0,11
3844,1986,0,0,11
3844,1987,0,0,11
3847,1980,1,0,12
3847,1981,1,0,12
3847,1982,1,1,12
3847,1983,1,1,12
3847,1984,1,1,12
3847,1985,1,1,12
3847,1986,1,1,12
3847,1987,1,1,12
3848,1980,0,0,12
3848,1981,0,0,12
3848,1982,0,0,12
3848,1983,0,0,12
3848,1984,0,0,12
3848,1985,0,0,12
3848,1986,0,1,12
3848,1987,0,1,12
3882,1980,1,0,15
3882,1981,0,0,15
3882,1982,0,0,15
3882,1983,0,0,15
3882,1984,0,0,15
3882,1985,0,0,15
3882,1986,0,0,15
3882,1987,0,0,15
3937,1980,0,0,11
3937,1981,1,0,11
3937,1982,1,0,11
3937,1983,0,0,11
3937,1984,1,0,11
3937,1985,0,1,11
3937,1986,1,1,11
3937,1987,1,1,11
4000,1980,0,0,7
4000,1981,0,0,7
4000,1982,0,0,7
4000,1983,0,1,7
4000,1984,0,1,7
4000,1985,0,1,7
4000,1986,0,1,7
4000,1987,0,1,7
4004,1980,0,0,12
4004,1981,0,0,12
4004,1982,0,0,12
4004,1983,0,0,12
4004,1984,0,0,12
4004,1985,0,0,12
4004,1986,0,0,12
4004,1987,0,1,12
4025,1980,0,0,9
4025,1981,0,0,9
4025,1982,0,1,9
4025,1983,0,1,9
4025,1984,0,0,9
4025,1985,1,0,9
4025,1986,0,0,9
4025,1987,0,0,9
4032,1980,1,0,11
4032,1981,0,0,11
4032,1982,0,0,11
4032,1983,0,0,11
4032,1984,0,0,11
4032,1985,0,0,11
4032,1986,0,0,11
4032,1987,0,1,11
4046,1980,0,1,9
4046,1981,0,1,9
4046,1982,0,1,9
4046,1983,0,1,9
4046,1984,0,1,9
4046,1985,0,1,9
4046,1986,0,1,9
4046,1987,0,1,9
4088,1980,0,0,13
4088,1981,0,0,13
4088,1982,0,0,13
4088,1983,0,0,13
4088,1984,0,0,13
4088,1985,0,0,13
4088,1986,0,1,13
4088,1987,0,1,13
4091,1980,1,1,12
4091,1981,1,1,12
4091,1982,1,1,12
4091,1983,1,1,12
4091,1984,1,1,12
4091,1985,1,1,12
4091,1986,1,1,12
4091,1987,1,1,12
4122,1980,0,1,16
4122,1981,0,1,16
4122,1982,0,1,16
4122,1983,0,1,16
4122,1984,0,1,16
4122,1985,0,1,16
4122,1986,0,1,16
4122,1987,0,1,16
4127,1980,0,0,10
4127,1981,0,0,10
4127,1982,0,0,10
4127,1983,0,0,10
4127,1984,0,0,10
4127,1985,0,0,10
4127,1986,0,0,10
4127,1987,0,0,10
4128,1980,1,0,12
4128,1981,1,0,12
4128,1982,1,0,12
4128,1983,1,0,12
4128,1984,1,0,12
4128,1985,0,0,12
4128,1986,1,0,12
4128,1987,1,0,12
4159,1980,1,0,11
4159,1981,1,0,11
4159,1982,1,0,11
4159,1983,1,1,11
4159,1984,1,1,11
4159,1985,0,0,11
4159,1986,0,1,11
4159,1987,0,1,11
4204,1980,1,0,11
4204,1981,0,0,11
4204,1982,0,0,11
4204,1983,0,1,11
4204,1984,0,0,11
4204,1985,0,0,11
4204,1986,0,0,11
4204,1987,1,0,11
4229,1980,0,0,12
4229,1981,0,0,12
4229,1982,0,0,12
4229,1983,0,0,12
4229,1984,0,0,12
4229,1985,0,0,12
4229,1986,0,0,12
4229,1987,0,0,12
4258,1980,1,0,12
4258,1981,1,0,12
4258,1982,1,0,12
4258,1983,1,0,12
4258,1984,1,0,12
4258,1985,1,0,12
4258,1986,1,0,12
4258,1987,1,0,12
4261,1980,0,1,6
4261,1981,0,1,6
4261,1982,0,0,6
4261,1983,0,1,6
4261,1984,1,0,6
4261,1985,0,0,6
4261,1986,0,0,6
4261,1987,0,0,6
4264,1980,0,1,10
4264,1981,0,1,10
4264,1982,1,1,10
4264,1983,0,1,10
4264,1984,0,1,10
4264,1985,0,1,10
4264,1986,0,1,10
4264,1987,0,0,10
4278,1980,0,1,12
4278,1981,0,1,12
4278,1982,0,1,12
4278,1983,0,1,12
4278,1984,0,1,12
4278,1985,0,1,12
4278,1986,0,1,12
4278,1987,0,1,12
4297,1980,1,0,12
4297,1981,0,0,12
4297,1982,0,1,12
4297,1983,0,1,12
4297,1984,0,1,12
4297,1985,0,0,12
4297,1986,0,1,12
4297,1987,0,1,12
4302,1980,0,0,11
4302,1981,0,0,11
4302,1982,0,0,11
4302,1983,0,0,11
4302,1984,0,0,11
4302,1985,0,0,11
4302,1986,0,0,11
4302,1987,0,1,11
4321,1980,0,0,11
4321,1981,1,1,11
4321,1982,0,1,11
4321,1983,1,0,11
4321,1984,1,1,11
4321,1985,1,1,11
4321,1986,1,1,11
4321,1987,1,1,11
4328,1980,0,0,12
4328,1981,0,0,12
4328,1982,0,0,12
4328,1983,0,0,12
4328,1984,0,0,12
4328,1985,0,0,12
4328,1986,0,0,12
4328,1987,0,0,12
4332,1980,0,0,12
4332,1981,0,0,12
4332,1982,0,0,12
4332,1983,0,0,12
4332,1984,0,0,12
4332,1985,0,0,12
4332,1986,0,0,12
4332,1987,0,0,12
4335,1980,0,1,11
4335,1981,0,1,11
4335,1982,0,1,11
4335,1983,0,1,11
4335,1984,0,1,11
4335,1985,0,1,11
4335,1986,0,1,11
4335,1987,0,1,11
4357,1980,1,0,12
4357,1981,1,0,12
4357,1982,0,1,12
4357,1983,0,1,12
4357,1984,0,1,12
4357,1985,0,1,12
4357,1986,1,1,12
4357,1987,1,1,12
4365,1980,0,0,11
4365,1981,0,0,11
4365,1982,0,1,11
4365,1983,0,1,11
4365,1984,0,1,11
4365,1985,0,1,11
4365,1986,0,1,11
4365,1987,0,1,11
4380,1980,1,0,13
4380,1981,1,0,13
4380,1982,1,1,13
4380,1983,1,1,13
4380,1984,1,1,13
4380,1985,0,1,13
4380,1986,0,1,13
4380,1987,0,0,13
4394,1980,0,0,11
4394,1981,1,0,11
4394,1982,0,0,11
4394,1983,1,0,11
4394,1984,0,0,11
4394,1985,0,0,11
4394,1986,0,0,11
4394,1987,0,0,11
4510,1980,0,0,13
4510,1981,1,0,13
4510,1982,0,0,13
4510,1983,0,0,13
4510,1984,0,0,13
4510,1985,0,0,13
4510,1986,0,0,13
4510,1987,0,1,13
4559,1980,0,0,12
4559,1981,0,1,12
4559,1982,0,1,12
4559,1983,0,1,12
4559,1984,0,1,12
4559,1985,0,1,12
4559,1986,0,1,12
4559,1987,0,1,12
4563,1980,1,0,11
4563,1981,0,0,11
4563,1982,0,0,11
4563,1983,0,0,11
4563,1984,0,0,11
4563,1985,0,1,11
4563,1986,0,1,11
4563,1987,1,1,11
4569,1980,1,0,12
4569,1981,1,0,12
4569,1982,1,1,12
4569,1983,1,0,12
4569,1984,1,0,12
4569,1985,1,0,12
4569,1986,1,1,12
4569,1987,1,1,12
4603,1980,1,0,11
4603,1981,1,0,11
4603,1982,1,0,11
4603,1983,1,0,11
4603,1984,1,0,11
4603,1985,1,0,11
4603,1986,1,0,11
4603,1987,1,0,11
4607,1980,0,0,13
4607,1981,0,0,13
4607,1982,0,0,13
4607,1983,0,0,13
4607,1984,0,0,13
4607,1985,0,0,13
4607,1986,0,1,13
4607,1987,1,1,13
4633,1980,0,0,12
4633,1981,0,0,12
4633,1982,0,0,12
4633,1983,0,0,12
4633,1984,0,0,12
4633,1985,0,1,12
4633,1986,0,1,12
4633,1987,1,1,12
4676,1980,0,0,10
4676,1981,0,0,10
4676,1982,0,0,10
4676,1983,0,0,10
4676,1984,0,0,10
4676,1985,0,0,10
4676,1986,0,0,10
4676,1987,0,0,10
4701,1980,0,0,12
4701,1981,0,0,12
4701,1982,0,0,12
4701,1983,0,0,12
4701,1984,0,0,12
4701,1985,0,1,12
4701,1986,0,1,12
4701,1987,0,1,12
4716,1980,0,1,12
4716,1981,1,1,12
4716,1982,1,1,12
4716,1983,1,1,12
4716,1984,1,1,12
4716,1985,1,1,12
4716,1986,1,1,12
4716,1987,1,1,12
4720,1980,1,1,12
4720,1981,0,1,12
4720,1982,1,1,12
4720,1983,1,1,12
4720,1984,1,1,12
4720,1985,1,1,12
4720,1986,0,1,12
4720,1987,1,1,12
4759,1980,1,0,12
4759,1981,1,1,12
4759,1982,1,1,12
4759,1983,1,1,12
4759,1984,1,1,12
4759,1985,1,1,12
4759,1986,1,1,12
4759,1987,0,1,12
4791,1980,1,1,12
4791,1981,1,1,12
4791,1982,1,1,12
4791,1983,1,1,12
4791,1984,1,1,12
4791,1985,1,1,12
4791,1986,1,1,12
4791,1987,1,1,12
4811,1980,0,0,12
4811,1981,0,0,12
4811,1982,0,0,12
4811,1983,0,0,12
4811,1984,1,0,12
4811,1985,0,0,12
4811,1986,0,0,12
4811,1987,1,0,12
4828,1980,0,0,11
4828,1981,0,0,11
4828,1982,1,0,11
4828,1983,0,0,11
4828,1984,0,0,11
4828,1985,0,0,11
4828,1986,0,1,11
4828,1987,0,1,11
4857,1980,0,0,14
4857,1981,0,0,14
4857,1982,0,0,14
4857,1983,0,0,14
4857,1984,0,0,14
4857,1985,0,1,14
4857,1986,0,1,14
4857,1987,0,1,14
4858,1980,0,0,12
4858,1981,1,0,12
4858,1982,0,1,12
4858,1983,0,1,12
4858,1984,0,1,12
4858,1985,0,1,12
4858,1986,0,1,12
4858,1987,0,1,12
4859,1980,0,0,12
4859,1981,0,0,12
4859,1982,0,0,12
4859,1983,0,0,12
4859,1984,0,0,12
4859,1985,0,0,12
4859,1986,0,0,12
4859,1987,0,0,12
4866,1980,1,0,14
4866,1981,1,1,14
4866,1982,1,1,14
4866,1983,1,1,14
4866,1984,1,1,14
4866,1985,1,1,14
4866,1986,1,0,14
4866,1987,1,0,14
4881,1980,0,1,14
4881,1981,0,1,14
4881,1982,0,1,14
4881,1983,0,1,14
4881,1984,0,1,14
4881,1985,0,1,14
4881,1986,0,1,14
4881,1987,0,1,14
4884,1980,0,0,12
4884,1981,0,0,12
4884,1982,0,1,12
4884,1983,0,1,12
4884,1984,0,1,12
4884,1985,1,1,12
4884,1986,1,1,12
4884,1987,1,1,12
4888,1980,1,0,12
4888,1981,1,1,12
4888,1982,0,1,12
4888,1983,1,1,12
4888,1984,1,1,12
4888,1985,0,1,12
4888,1986,0,1,12
4888,1987,0,1,12
4901,1980,1,1,11
4901,1981,1,1,11
4901,1982,1,1,11
4901,1983,1,1,11
4901,1984,1,1,11
4901,1985,1,1,11
4901,1986,1,1,11
4901,1987,1,0,11
4917,1980,0,0,12
4917,1981,0,0,12
4917,1982,0,0,12
4917,1983,0,0,12
4917,1984,0,0,12
4917,1985,0,0,12
4917,1986,0,0,12
4917,1987,0,0,12
4926,1980,1,0,12
4926,1981,1,1,12
4926,1982,0,1,12
4926,1983,1,1,12
4926,1984,0,1,12
4926,1985,0,1,12
4926,1986,0,1,12
4926,1987,1,1,12
4982,1980,0,0,9
4982,1981,0,0,9
4982,1982,0,0,9
4982,1983,0,0,9
4982,1984,0,0,9
4982,1985,0,1,9
4982,1986,0,1,9
4982,1987,0,1,9
5017,1980,0,0,13
5017,1981,0,0,13
5017,1982,0,0,13
5017,1983,0,1,13
5017,1984,0,1,13
5017,1985,0,0,13
5017,1986,0,0,13
5017,1987,0,1,13
5033,1980,0,0,12
5033,1981,0,0,12
5033,1982,0,0,12
5033,1983,0,0,12
5033,1984,0,1,12
5033,1985,0,1,12
5033,1986,0,1,12
5033,1987,0,1,12
5048,1980,0,0,11
5048,1981,0,0,11
5048,1982,0,0,11
5048,1983,0,1,11
5048,1984,0,1,11
5048,1985,0,1,11
5048,1986,0,0,11
5048,1987,0,0,11
5122,1980,0,1,12
5122,1981,0,1,12
5122,1982,0,1,12
5122,1983,0,1,12
5122,1984,0,1,12
5122,1985,0,1,12
5122,1986,0,1,12
5122,1987,0,1,12
5141,1980,0,1,12
5141,1981,0,1,12
5141,1982,0,1,12
5141,1983,0,1,12
5141,1984,0,1,12
5141,1985,0,1,12
5141,1986,0,1,12
5141,1987,0,1,12
5147,1980,1,1,12
5147,1981,0,1,12
5147,1982,1,1,12
5147,1983,1,1,12
5147,1984,1,1,12
5147,1985,1,1,12
5147,1986,1,1,12
5147,1987,1,0,12
5158,1980,0,0,11
5158,1981,0,1,11
5158,1982,0,1,11
5158,1983,0,1,11
5158,1984,0,0,11
5158,1985,0,0,11
5158,1986,0,0,11
5158,1987,0,0,11
5221,1980,0,0,14
5221,1981,1,0,14
5221,1982,1,1,14
5221,1983,1,1,14
5221,1984,0,1,14
5221,1985,0,1,14
5221,1986,1,1,14
5221,1987,0,0,14
5223,1980,0,0,12
5223,1981,0,0,12
5223,1982,0,0,12
5223,1983,0,0,12
5223,1984,0,0,12
5223,1985,0,0,12
5223,1986,0,0,12
5223,1987,0,0,12
5227,1980,0,0,12
5227,1981,0,0,12
5227,1982,0,0,12
5227,1983,1,0,12
5227,1984,0,0,12
5227,1985,0,0,12
5227,1986,0,1,12
5227,1987,0,1,12
5248,1980,0,0,14
5248,1981,0,0,14
5248,1982,0,0,14
5248,1983,1,0,14
5248,1984,0,0,14
5248,1985,0,0,14
5248,1986,0,0,14
5248,1987,0,1,14
5252,1980,0,0,10
5252,1981,0,0,10
5252,1982,0,0,10
5252,1983,0,1,10
5252,1984,1,1,10
5252,1985,0,1,10
5252,1986,0,1,10
5252,1987,0,1,10
5263,1980,0,0,14
5263,1981,0,1,14
5263,1982,0,1,14
5263,1983,0,1,14
5263,1984,0,1,14
5263,1985,0,1,14
5263,1986,0,1,14
5263,1987,0,1,14
5274,1980,0,0,12
5274,1981,0,1,12
5274,1982,0,1,12
5274,1983,0,1,12
5274,1984,0,1,12
5274,1985,0,1,12
5274,1986,0,1,12
5274,1987,1,1,12
5335,1980,0,0,12
5335,1981,0,1,12
5335,1982,0,1,12
5335,1983,0,1,12
5335,1984,0,1,12
5335,1985,0,1,12
5335,1986,0,1,12
5335,1987,1,1,12
5345,1980,0,0,12
5345,1981,0,0,12
5345,1982,0,0,12
5345,1983,0,0,12
5345,1984,0,0,12
5345,1985,0,0,12
5345,1986,0,0,12
5345,1987,0,1,12
5359,1980,0,0,12
5359,1981,0,0,12
5359,1982,0,0,12
5359,1983,0,0,12
5359,1984,0,0,12
5359,1985,0,0,12
5359,1986,0,0,12
5359,1987,0,0,12
5368,1980,0,0,12
5368,1981,0,0,12
5368,1982,0,1,12
5368,1983,0,1,12
5368,1984,0,1,12
5368,1985,0,1,12
5368,1986,0,1,12
5368,1987,0,1,12
5377,1980,0,0,12
5377,1981,0,0,12
5377,1982,0,0,12
5377,1983,0,0,12
5377,1984,0,0,12
5377,1985,0,0,12
5377,1986,0,0,12
5377,1987,0,0,12
5390,1980,0,1,14
5390,1981,0,1,14
5390,1982,0,1,14
5390,1983,0,1,14
5390,1984,0,1,14
5390,1985,0,1,14
5390,1986,0,1,14
5390,1987,0,1,14
5419,1980,0,0,11
5419,1981,0,0,11
5419,1982,0,0,11
5419,1983,0,0,11
5419,1984,0,0,11
5419,1985,0,0,11
5419,1986,1,1,11
5419,1987,1,1,11
5435,1980,0,0,11
5435,1981,0,0,11
5435,1982,0,0,11
5435,1983,0,1,11
5435,1984,0,1,11
5435,1985,0,1,11
5435,1986,0,1,11
5435,1987,0,1,11
5437,1980,0,1,12
5437,1981,0,1,12
5437,1982,0,1,12
5437,1983,0,1,12
5437,1984,0,1,12
5437,1985,0,1,12
5437,1986,0,1,12
5437,1987,0,1,12
5497,1980,0,1,12
5497,1981,0,1,12
5497,1982,0,1,12
5497,1983,0,1,12
5497,1984,0,1,12
5497,1985,0,1,12
5497,1986,0,1,12
5497,1987,0,1,12
5525,1980,0,0,8
5525,1981,0,0,8
5525,1982,0,0,8
5525,1983,0,0,8
5525,1984,0,1,8
5525,1985,0,1,8
5525,1986,0,1,8
5525,1987,0,1,8
5529,1980,0,1,10
5529,1981,0,1,10
5529,1982,0,1,10
5529,1983,0,1,10
5529,1984,0,1,10
5529,1985,0,1,10
5529,1986,0,1,10
5529,1987,0,1,10
5531,1980,0,0,12
5531,1981,0,0,12
5531,1982,0,0,12
5531,1983,0,0,12
5531,1984,0,1,12
5531,1985,0,1,12
5531,1986,0,1,12
5531,1987,0,1,12
5579,1980,0,0,10
5579,1981,0,0,10
5579,1982,0,0,10
5579,1983,0,0,10
5579,1984,0,1,10
5579,1985,0,1,10
5579,1986,0,1,10
5579,1987,0,1,10
5588,1980,0,0,9
5588,1981,0,1,9
5588,1982,0,1,9
5588,1983,0,1,9
5588,1984,0,1,9
5588,1985,0,1,9
5588,1986,0,1,9
5588,1987,1,1,9
5599,1980,0,0,14
5599,1981,0,1,14
5599,1982,0,1,14
5599,1983,0,1,14
5599,1984,0,1,14
5599,1985,0,1,14
5599,1986,0,1,14
5599,1987,0,1,14
5650,1980,0,0,11
5650,1981,1,0,11
5650,1982,0,0,11
5650,1983,1,0,11
5650,1984,0,0,11
5650,1985,0,1,11
5650,1986,0,1,11
5650,1987,1,1,11
5660,1980,0,1,12
5660,1981,0,1,12
5660,1982,0,1,12
5660,1983,0,1,12
5660,1984,0,1,12
5660,1985,0,0,12
5660,1986,0,0,12
5660,1987,0,0,12
5665,1980,0,0,14
5665,1981,0,0,14
5665,1982,0,0,14
5665,1983,1,0,14
5665,1984,1,0,14
5665,1985,0,0,14
5665,1986,0,0,14
5665,1987,1,0,14
5666,1980,0,0,14
5666,1981,0,0,14
5666,1982,0,1,14
5666,1983,0,1,14
5666,1984,0,1,14
5666,1985,0,1,14
5666,1986,0,1,14
5666,1987,0,1,14
5698,1980,0,0,12
5698,1981,0,1,12
5698,1982,1,1,12
5698,1983,1,1,12
5698,1984,1,1,12
5698,1985,1,1,12
5698,1986,1,1,12
5698,1987,1,1,12
5699,1980,0,0,13
5699,1981,0,1,13
5699,1982,0,1,13
5699,1983,0,1,13
5699,1984,0,1,13
5699,1985,0,1,13
5699,1986,0,1,13
5699,1987,0,1,13
5731,1980,1,1,11
5731,1981,0,1,11
5731,1982,0,1,11
5731,1983,0,1,11
5731,1984,0,1,11
5731,1985,0,1,11
5731,1986,0,1,11
5731,1987,1,1,11
5750,1980,1,1,11
5750,1981,1,1,11
5750,1982,0,1,11
5750,1983,1,1,11
5750,1984,1,1,11
5750,1985,0,1,11
5750,1986,0,1,11
5750,1987,0,1,11
5755,1980,1,1,10
5755,1981,0,1,10
5755,1982,0,1,10
5755,1983,0,1,10
5755,1984,0,1,10
5755,1985,0,1,10
5755,1986,1,1,10
5755,1987,0,1,10
5772,1980,0,1,9
5772,1981,0,1,9
5772,1982,0,1,9
5772,1983,0,1,9
5772,1984,0,1,9
5772,1985,0,1,9
5772,1986,0,1,9
5772,1987,0,1,9
5816,1980,0,0,12
5816,1981,0,0,12
5816,1982,0,0,12
5816,1983,0,1,12
5816,1984,0,1,12
5816,1985,0,1,12
5816,1986,0,1,12
5816,1987,0,1,12
5823,1980,0,0,11
5823,1981,0,0,11
5823,1982,1,0,11
5823,1983,0,0,11
5823,1984,0,0,11
5823,1985,0,0,11
5823,1986,0,0,11
5823,1987,0,0,11
5851,1980,0,0,13
5851,1981,0,0,13
5851,1982,0,0,13
5851,1983,0,0,13
5851,1984,0,0,13
5851,1985,0,0,13
5851,1986,0,0,13
5851,1987,0,0,13
5857,1980,0,0,12
5857,1981,0,0,12
5857,1982,0,0,12
5857,1983,0,0,12
5857,1984,0,0,12
5857,1985,0,0,12
5857,1986,0,0,12
5857,1987,0,0,12
5859,1980,0,1,15
5859,1981,0,1,15
5859,1982,0,1,15
5859,1983,0,1,15
5859,1984,0,1,15
5859,1985,0,1,15
5859,1986,0,1,15
5859,1987,0,1,15
6016,1980,0,0,12
6016,1981,0,0,12
6016,1982,0,0,12
6016,1983,0,0,12
6016,1984,0,0,12
6016,1985,0,0,12
6016,1986,0,0,12
6016,1987,0,0,12
6020,1980,0,0,10
6020,1981,0,0,10
6020,1982,0,0,10
6020,1983,0,0,10
6020,1984,0,0,10
6020,1985,0,0,10
6020,1986,0,0,10
6020,1987,0,0,10
6025,1980,0,0,10
6025,1981,0,0,10
6025,1982,0,0,10
6025,1983,1,1,10
6025,1984,1,1,10
6025,1985,1,1,10
6025,1986,0,0,10
6025,1987,1,0,10
6056,1980,0,0,12
6056,1981,0,0,12
6056,1982,0,0,12
6056,1983,0,0,12
6056,1984,0,0,12
6056,1985,0,0,12
6056,1986,0,0,12
6056,1987,0,0,12
6094,1980,1,0,13
6094,1981,0,0,13
6094,1982,0,0,13
6094,1983,0,1,13
6094,1984,0,1,13
6094,1985,1,1,13
6094,1986,0,1,13
6094,1987,0,1,13
6186,1980,0,0,12
6186,1981,0,0,12
6186,1982,0,1,12
6186,1983,0,1,12
6186,1984,0,1,12
6186,1985,0,1,12
6186,1986,0,1,12
6186,1987,0,1,12
6395,1980,0,0,9
6395,1981,0,1,9
6395,1982,0,1,9
6395,1983,0,1,9
6395,1984,0,1,9
6395,1985,0,1,9
6395,1986,0,1,9
6395,1987,0,1,9
6430,1980,0,0,11
6430,1981,1,0,11
6430,1982,1,0,11
6430,1983,1,0,11
6430,1984,1,0,11
6430,1985,1,0,11
6430,1986,1,0,11
6430,1987,1,0,11
6446,1980,1,1,11
6446,1981,1,1,11
6446,1982,1,1,11
6446,1983,1,1,11
6446,1984,0,1,11
6446,1985,1,0,11
6446,1986,0,1,11
6446,1987,1,1,11
6463,1980,0,0,5
6463,1981,0,0,5
6463,1982,0,0,5
6463,1983,0,1,5
6463,1984,0,1,5
6463,1985,0,1,5
6463,1986,0,1,5
6463,1987,0,1,5
6558,1980,1,0,15
6558,1981,0,0,15
6558,1982,0,1,15
6558,1983,0,1,15
6558,1984,0,1,15
6558,1985,0,1,15
6558,1986,0,1,15
6558,1987,0,1,15
6559,1980,0,0,15
6559,1981,0,1,15
6559,1982,0,1,15
6559,1983,0,1,15
6559,1984,0,1,15
6559,1985,0,1,15
6559,1986,0,1,15
6559,1987,0,1,15
6561,1980,0,0,15
6561,1981,0,0,15
6561,1982,0,0,15
6561,1983,0,0,15
6561,1984,0,1,15
6561,1985,0,1,15
6561,1986,0,1,15
6561,1987,0,1,15
6574,1980,1,0,12
6574,1981,1,0,12
6574,1982,1,0,12
6574,1983,1,0,12
6574,1984,1,0,12
6574,1985,1,0,12
6574,1986,1,0,12
6574,1987,1,1,12
6648,1980,1,0,12
6648,1981,0,0,12
6648,1982,1,0,12
6648,1983,1,0,12
6648,1984,1,0,12
6648,1985,0,0,12
6648,1986,0,0,12
6648,1987,1,0,12
6813,1980,1,0,12
6813,1981,0,0,12
6813,1982,0,0,12
6813,1983,1,0,12
6813,1984,1,0,12
6813,1985,1,0,12
6813,1986,1,0,12
6813,1987,1,0,12
6824,1980,1,1,12
6824,1981,1,1,12
6824,1982,1,1,12
6824,1983,1,1,12
6824,1984,1,1,12
6824,1985,1,1,12
6824,1986,1,1,12
6824,1987,1,0,12
6888,1980,0,0,10
6888,1981,1,0,10
6888,1982,0,0,10
6888,1983,0,0,10
6888,1984,0,0,10
6888,1985,0,1,10
6888,1986,0,1,10
6888,1987,0,1,10
6942,1980,1,0,10
6942,1981,0,0,10
6942,1982,0,0,10
6942,1983,0,0,10
6942,1984,0,0,10
6942,1985,0,0,10
6942,1986,0,0,10
6942,1987,0,1,10
6954,1980,0,1,13
6954,1981,0,1,13
6954,1982,0,1,13
6954,1983,0,1,13
6954,1984,0,1,13
6954,1985,0,1,13
6954,1986,0,1,13
6954,1987,0,1,13
6955,1980,1,0,11
6955,1981,0,0,11
6955,1982,0,0,11
6955,1983,1,0,11
6955,1984,0,0,11
6955,1985,0,0,11
6955,1986,0,0,11
6955,1987,0,1,11
6964,1980,1,0,8
6964,1981,0,0,8
6964,1982,0,0,8
6964,1983,0,0,8
6964,1984,0,0,8
6964,1985,0,0,8
6964,1986,0,1,8
6964,1987,1,1,8
6987,1980,0,0,15
6987,1981,0,0,15
6987,1982,0,1,15
6987,1983,0,1,15
6987,1984,0,1,15
6987,1985,0,1,15
6987,1986,0,1,15
6987,1987,0,1,15
7025,1980,1,0,12
7025,1981,1,0,12
7025,1982,1,0,12
7025,1983,1,1,12
7025,1984,1,1,12
7025,1985,1,1,12
7025,1986,1,1,12
7025,1987,1,1,12
7043,1980,0,0,12
7043,1981,0,1,12
7043,1982,0,1,12
7043,1983,0,1,12
7043,1984,0,1,12
7043,1985,0,1,12
7043,1986,0,1,12
7043,1987,0,1,12
7060,1980,0,0,12
7060,1981,1,0,12
7060,1982,1,0,12
7060,1983,1,0,12
7060,1984,0,0,12
7060,1985,1,0,12
7060,1986,1,0,12
7060,1987,1,0,12
7087,1980,0,0,11
7087,1981,0,0,11
7087,1982,0,0,11
7087,1983,1,0,11
7087,1984,1,0,11
7087,1985,1,0,11
7087,1986,0,0,11
7087,1987,0,0,11
7238,1980,1,0,6
7238,1981,0,0,6
7238,1982,0,1,6
7238,1983,0,1,6
7238,1984,0,1,6
7238,1985,0,1,6
7238,1986,0,1,6
7238,1987,0,1,6
7279,1980,1,0,12
7279,1981,1,0,12
7279,1982,1,0,12
7279,1983,1,0,12
7279,1984,1,0,12
7279,1985,1,0,12
7279,1986,1,0,12
7279,1987,1,0,12
7342,1980,0,0,12
7342,1981,0,0,12
7342,1982,0,0,12
7342,1983,0,0,12
7342,1984,0,0,12
7342,1985,0,0,12
7342,1986,0,0,12
7342,1987,0,0,12
7343,1980,0,0,15
7343,1981,1,0,15
7343,1982,0,0,15
7343,1983,0,1,15
7343,1984,0,1,15
7343,1985,1,1,15
7343,1986,1,1,15
7343,1987,1,1,15
7411,1980,1,0,12
7411,1981,1,0,12
7411,1982,1,0,12
7411,1983,0,0,12
7411,1984,0,0,12
7411,1985,0,0,12
7411,1986,1,1,12
7411,1987,1,1,12
7424,1980,0,0,11
7424,1981,0,0,11
7424,1982,1,0,11
7424,1983,1,0,11
7424,1984,1,0,11
7424,1985,1,1,11
7424,1986,1,0,11
7424,1987,1,0,11
7429,1980,0,1,8
7429,1981,1,0,8
7429,1982,0,0,8
7429,1983,0,0,8
7429,1984,0,0,8
7429,1985,0,0,8
7429,1986,0,0,8
7429,1987,0,0,8
7454,1980,0,0,15
7454,1981,0,0,15
7454,1982,0,0,15
7454,1983,0,0,15
7454,1984,0,0,15
7454,1985,0,0,15
7454,1986,0,0,15
7454,1987,0,0,15
7472,1980,1,0,10
7472,1981,0,1,10
7472,1982,0,1,10
7472,1983,0,1,10
7472,1984,0,1,10
7472,1985,1,1,10
7472,1986,0,1,10
7472,1987,1,1,10
7474,1980,0,0,12
7474,1981,1,0,12
7474,1982,1,0,12
7474,1983,1,0,12
7474,1984,1,1,12
7474,1985,1,1,12
7474,1986,1,1,12
7474,1987,1,1,12
7509,1980,1,1,11
7509,1981,1,1,11
7509,1982,1,1,11
7509,1983,1,1,11
7509,1984,0,1,11
7509,1985,1,1,11
7509,1986,1,1,11
7509,1987,1,1,11
7539,1980,0,0,12
7539,1981,0,0,12
7539,1982,1,0,12
7539,1983,0,1,12
7539,1984,1,1,12
7539,1985,1,1,12
7539,1986,1,1,12
7539,1987,1,0,12
7769,1980,0,1,14
7769,1981,0,1,14
7769,1982,0,1,14
7769,1983,0,1,14
7769,1984,0,1,14
7769,1985,0,1,14
7769,1986,0,1,14
7769,1987,0,1,14
7783,1980,0,0,12
7783,1981,0,0,12
7783,1982,0,0,12
7783,1983,0,0,12
7783,1984,0,0,12
7783,1985,0,0,12
7783,1986,0,0,12
7783,1987,0,0,12
7784,1980,0,0,11
7784,1981,0,0,11
7784,1982,0,0,11
7784,1983,0,0,11
7784,1984,0,0,11
7784,1985,0,0,11
7784,1986,0,0,11
7784,1987,0,0,11
7801,1980,0,0,13
7801,1981,0,0,13
7801,1982,1,0,13
7801,1983,0,0,13
7801,1984,1,0,13
7801,1985,0,0,13
7801,1986,0,0,13
7801,1987,0,0,13
7824,1980,1,0,12
7824,1981,0,0,12
7824,1982,0,0,12
7824,1983,0,0,12
7824,1984,0,0,12
7824,1985,0,1,12
7824,1986,0,1,12
7824,1987,0,1,12
7874,1980,0,0,15
7874,1981,0,0,15
7874,1982,0,0,15
7874,1983,0,0,15
7874,1984,0,0,15
7874,1985,0,0,15
7874,1986,0,0,15
7874,1987,0,0,15
7887,1980,0,0,12
7887,1981,1,0,12
7887,1982,0,0,12
7887,1983,0,0,12
7887,1984,0,1,12
7887,1985,0,1,12
7887,1986,0,1,12
7887,1987,0,1,12
7923,1980,0,1,12
7923,1981,1,0,12
7923,1982,1,0,12
7923,1983,1,0,12
7923,1984,1,0,12
7923,1985,1,0,12
7923,1986,1,0,12
7923,1987,1,1,12
7926,1980,1,1,12
7926,1981,1,1,12
7926,1982,1,1,12
7926,1983,1,1,12
7926,1984,1,1,12
7926,1985,0,1,12
7926,1986,1,1,12
7926,1987,1,1,12
8021,1980,0,0,15
8021,1981,0,0,15
8021,1982,0,0,15
8021,1983,0,0,15
8021,1984,0,0,15
8021,1985,0,0,15
8021,1986,0,0,15
8021,1987,0,0,15
8087,1980,0,0,12
8087,1981,0,0,12
8087,1982,0,0,12
8087,1983,0,0,12
8087,1984,0,0,12
8087,1985,0,0,12
8087,1986,0,0,12
8087,1987,0,0,12
8089,1980,0,0,12
8089,1981,0,0,12
8089,1982,0,0,12
8089,1983,0,1,12
8089,1984,0,1,12
8089,1985,0,1,12
8089,1986,0,1,12
8089,1987,0,1,12
8090,1980,0,0,14
8090,1981,0,0,14
8090,1982,0,0,14
8090,1983,0,0,14
8090,1984,0,0,14
8090,1985,0,1,14
8090,1986,0,1,14
8090,1987,0,1,14
8096,1980,1,0,6
8096,1981,0,0,6
8096,1982,0,0,6
8096,1983,0,0,6
8096,1984,0,0,6
8096,1985,0,0,6
8096,1986,0,0,6
8096,1987,0,0,6
8106,1980,1,0,8
8106,1981,0,1,8
8106,1982,0,0,8
8106,1983,0,0,8
8106,1984,0,0,8
8106,1985,0,0,8
8106,1986,0,0,8
8106,1987,0,0,8
8107,1980,0,0,3
8107,1981,0,0,3
8107,1982,0,0,3
8107,1983,0,0,3
8107,1984,0,0,3
8107,1985,0,0,3
8107,1986,0,0,3
8107,1987,0,0,3
8142,1980,0,0,11
8142,1981,0,0,11
8142,1982,0,0,11
8142,1983,0,0,11
8142,1984,0,0,11
8142,1985,0,0,11
8142,1986,0,0,11
8142,1987,0,0,11
8168,1980,1,0,11
8168,1981,1,0,11
8168,1982,1,0,11
8168,1983,1,1,11
8168,1984,1,1,11
8168,1985,1,1,11
8168,1986,0,1,11
8168,1987,1,1,11
8173,1980,0,1,8
8173,1981,0,1,8
8173,1982,0,1,8
8173,1983,0,1,8
8173,1984,0,1,8
8173,1985,0,1,8
8173,1986,0,1,8
8173,1987,0,1,8
8203,1980,0,1,14
8203,1981,0,1,14
8203,1982,0,1,14
8203,1983,0,1,14
8203,1984,0,1,14
8203,1985,0,1,14
8203,1986,0,1,14
8203,1987,0,1,14
8211,1980,1,0,8
8211,1981,0,1,8
8211,1982,0,0,8
8211,1983,0,0,8
8211,1984,1,0,8
8211,1985,1,0,8
8211,1986,1,0,8
8211,1987,0,0,8
8224,1980,0,0,12
8224,1981,0,0,12
8224,1982,0,0,12
8224,1983,0,0,12
8224,1984,0,0,12
8224,1985,0,0,12
8224,1986,1,0,12
8224,1987,1,0,12
8272,1980,0,1,10
8272,1981,1,1,10
8272,1982,1,1,10
8272,1983,1,1,10
8272,1984,1,1,10
8272,1985,1,1,10
8272,1986,1,1,10
8272,1987,0,1,10
8300,1980,0,0,12
8300,1981,0,0,12
8300,1982,0,0,12
8300,1983,1,0,12
8300,1984,1,0,12
8300,1985,0,0,12
8300,1986,1,0,12
8300,1987,1,0,12
8304,1980,0,0,12
8304,1981,0,0,12
8304,1982,0,0,12
8304,1983,0,0,12
8304,1984,0,1,12
8304,1985,0,1,12
8304,1986,0,1,12
8304,1987,1,1,12
8364,1980,0,0,11
8364,1981,0,1,11
8364,1982,0,1,11
8364,1983,0,1,11
8364,1984,1,1,11
8364,1985,0,1,11
8364,1986,0,1,11
8364,1987,0,1,11
8370,1980,0,0,12
8370,1981,1,0,12
8370,1982,1,0,12
8370,1983,0,0,12
8370,1984,1,1,12
8370,1985,1,1,12
8370,1986,0,1,12
8370,1987,1,1,12
8381,1980,0,0,10
8381,1981,1,0,10
8381,1982,0,0,10
8381,1983,0,0,10
8381,1984,0,0,10
8381,1985,0,0,10
8381,1986,0,0,10
8381,1987,0,0,10
8388,1980,0,1,8
8388,1981,0,1,8
8388,1982,0,1,8
8388,1983,0,1,8
8388,1984,0,1,8
8388,1985,0,1,8
8388,1986,0,1,8
8388,1987,0,1,8
8406,1980,1,1,8
8406,1981,0,1,8
8406,1982,0,1,8
8406,1983,0,1,8
8406,1984,0,1,8
8406,1985,0,1,8
8406,1986,0,1,8
8406,1987,0,1,8
8415,1980,0,0,10
8415,1981,1,0,10
8415,1982,0,0,10
8415,1983,1,0,10
8415,1984,1,0,10
8415,1985,1,1,10
8415,1986,1,1,10
8415,1987,1,1,10
8496,1980,0,0,12
8496,1981,0,0,12
8496,1982,0,0,12
8496,1983,0,0,12
8496,1984,0,0,12
8496,1985,0,0,12
8496,1986,0,0,12
8496,1987,0,1,12
8501,1980,0,0,10
8501,1981,1,0,10
8501,1982,1,0,10
8501,1983,1,0,10
8501,1984,0,0,10
8501,1985,0,0,10
8501,1986,1,0,10
8501,1987,0,0,10
8518,1980,1,0,12
8518,1981,1,0,12
8518,1982,1,1,12
8518,1983,1,1,12
8518,1984,1,1,12
8518,1985,1,1,12
8518,1986,0,1,12
8518,1987,0,1,12
8520,1980,0,0,15
8520,1981,1,0,15
8520,1982,0,0,15
8520,1983,0,1,15
8520,1984,0,1,15
8520,1985,0,1,15
8520,1986,0,1,15
8520,1987,0,1,15
8524,1980,0,1,11
8524,1981,0,1,11
8524,1982,1,1,11
8524,1983,1,1,11
8524,1984,1,1,11
8524,1985,1,1,11
8524,1986,1,1,11
8524,1987,1,1,11
8548,1980,0,0,8
8548,1981,0,0,8
8548,1982,0,0,8
8548,1983,0,0,8
8548,1984,0,1,8
8548,1985,0,0,8
8548,1986,0,0,8
8548,1987,0,0,8
8556,1980,0,0,11
8556,1981,0,0,11
8556,1982,0,0,11
8556,1983,0,1,11
8556,1984,0,1,11
8556,1985,0,1,11
8556,1986,0,1,11
8556,1987,0,1,11
8564,1980,0,0,11
8564,1981,0,1,11
8564,1982,0,1,11
8564,1983,0,1,11
8564,1984,0,1,11
8564,1985,0,1,11
8564,1986,0,1,11
8564,1987,0,1,11
8581,1980,0,0,12
8581,1981,0,0,12
8581,1982,0,0,12
8581,1983,0,0,12
8581,1984,0,1,12
8581,1985,0,1,12
8581,1986,0,1,12
8581,1987,0,0,12
8586,1980,0,0,12
8586,1981,0,0,12
8586,1982,0,0,12
8586,1983,0,0,12
8586,1984,0,0,12
8586,1985,0,0,12
8586,1986,0,0,12
8586,1987,0,0,12
8587,1980,1,0,11
8587,1981,0,0,11
8587,1982,0,0,11
8587,1983,0,0,11
8587,1984,0,0,11
8587,1985,1,0,11
8587,1986,0,0,11
8587,1987,0,0,11
8597,1980,1,0,10
8597,1981,1,0,10
8597,1982,1,0,10
8597,1983,1,0,10
8597,1984,1,0,10
8597,1985,1,0,10
8597,1986,1,0,10
8597,1987,1,0,10
8656,1980,0,0,12
8656,1981,0,0,12
8656,1982,0,0,12
8656,1983,0,1,12
8656,1984,1,1,12
8656,1985,0,1,12
8656,1986,0,1,12
8656,1987,0,1,12
8722,1980,0,0,12
8722,1981,0,0,12
8722,1982,0,0,12
8722,1983,0,0,12
8722,1984,0,0,12
8722,1985,0,0,12
8722,1986,0,0,12
8722,1987,0,0,12
8743,1980,0,1,12
8743,1981,0,1,12
8743,1982,0,1,12
8743,1983,0,1,12
8743,1984,0,1,12
8743,1985,0,1,12
8743,1986,0,1,12
8743,1987,0,1,12
8749,1980,0,1,8
8749,1981,0,1,8
8749,1982,0,1,8
8749,1983,0,1,8
8749,1984,0,1,8
8749,1985,0,1,8
8749,1986,0,1,8
8749,1987,0,1,8
8758,1980,0,1,12
8758,1981,0,1,12
8758,1982,0,1,12
8758,1983,0,1,12
8758,1984,0,1,12
8758,1985,0,1,12
8758,1986,0,1,12
8758,1987,0,1,12
8796,1980,1,0,13
8796,1981,1,0,13
8796,1982,1,0,13
8796,1983,1,0,13
8796,1984,1,0,13
8796,1985,1,0,13
8796,1986,1,0,13
8796,1987,1,0,13
8838,1980,0,0,12
8838,1981,0,0,12
8838,1982,0,0,12
8838,1983,0,0,12
8838,1984,0,0,12
8838,1985,0,0,12
8838,1986,0,1,12
8838,1987,0,1,12
8842,1980,0,0,11
8842,1981,0,0,11
8842,1982,0,0,11
8842,1983,0,1,11
8842,1984,0,1,11
8842,1985,0,1,11
8842,1986,0,1,11
8842,1987,0,1,11
8846,1980,1,1,12
8846,1981,1,1,12
8846,1982,1,1,12
8846,1983,1,1,12
8846,1984,1,1,12
8846,1985,1,1,12
8846,1986,1,1,12
8846,1987,1,1,12
8860,1980,1,0,13
8860,1981,1,0,13
8860,1982,0,0,13
8860,1983,0,0,13
8860,1984,0,1,13
8860,1985,0,1,13
8860,1986,1,1,13
8860,1987,0,1,13
8862,1980,0,0,13
8862,1981,0,0,13
8862,1982,0,0,13
8862,1983,0,0,13
8862,1984,0,0,13
8862,1985,0,0,13
8862,1986,0,0,13
8862,1987,0,0,13
8880,1980,0,0,12
8880,1981,0,0,12
8880,1982,1,0,12
8880,1983,1,0,12
8880,1984,1,1,12
8880,1985,1,1,12
8880,1986,1,1,12
8880,1987,1,1,12
8886,1980,0,0,12
8886,1981,0,0,12
8886,1982,0,0,12
8886,1983,0,0,12
8886,1984,0,0,12
8886,1985,0,1,12
8886,1986,0,1,12
8886,1987,0,0,12
8903,1980,0,0,11
8903,1981,0,1,11
8903,1982,0,0,11
8903,1983,0,1,11
8903,1984,0,1,11
8903,1985,0,1,11
8903,1986,0,1,11
8903,1987,0,1,11
8908,1980,1,0,12
8908,1981,1,1,12
8908,1982,0,1,12
8908,1983,0,1,12
8908,1984,0,1,12
8908,1985,0,1,12
8908,1986,1,1,12
8908,1987,1,1,12
8911,1980,0,0,12
8911,1981,1,0,12
8911,1982,1,0,12
8911,1983,0,0,12
8911,1984,1,0,12
8911,1985,0,0,12
8911,1986,1,0,12
8911,1987,0,0,12
8917,1980,0,1,11
8917,1981,0,1,11
8917,1982,0,1,11
8917,1983,0,0,11
8917,1984,0,0,11
8917,1985,0,0,11
8917,1986,0,0,11
8917,1987,0,0,11
8991,1980,0,0,11
8991,1981,1,0,11
8991,1982,0,0,11
8991,1983,1,0,11
8991,1984,0,0,11
8991,1985,0,0,11
8991,1986,0,0,11
8991,1987,1,1,11
8997,1980,1,0,14
8997,1981,1,0,14
8997,1982,1,0,14
8997,1983,1,0,14
8997,1984,1,0,14
8997,1985,1,0,14
8997,1986,1,0,14
8997,1987,1,0,14
9014,1980,0,0,12
9014,1981,0,0,12
9014,1982,0,0,12
9014,1983,1,0,12
9014,1984,0,0,12
9014,1985,0,0,12
9014,1986,0,1,12
9014,1987,0,1,12
9015,1980,0,0,9
9015,1981,0,0,9
9015,1982,0,0,9
9015,1983,1,1,9
9015,1984,0,1,9
9015,1985,0,1,9
9015,1986,0,1,9
9015,1987,1,1,9
9027,1980,0,0,12
9027,1981,0,0,12
9027,1982,0,0,12
9027,1983,1,0,12
9027,1984,1,0,12
9027,1985,1,0,12
9027,1986,1,0,12
9027,1987,1,0,12
9066,1980,1,0,11
9066,1981,0,0,11
9066,1982,0,0,11
9066,1983,0,0,11
9066,1984,1,0,11
9066,1985,0,0,11
9066,1986,0,0,11
9066,1987,1,0,11
9082,1980,0,0,8
9082,1981,0,0,8
9082,1982,0,0,8
9082,1983,0,1,8
9082,1984,0,1,8
9082,1985,0,0,8
9082,1986,0,1,8
9082,1987,0,1,8
9131,1980,0,0,5
9131,1981,0,1,5
9131,1982,0,1,5
9131,1983,0,1,5
9131,1984,0,1,5
9131,1985,0,1,5
9131,1986,0,1,5
9131,1987,0,1,5
9132,1980,0,1,6
9132,1981,0,1,6
9132,1982,0,1,6
9132,1983,0,1,6
9132,1984,0,1,6
9132,1985,0,1,6
9132,1986,0,1,6
9132,1987,1,1,6
9154,1980,1,0,15
9154,1981,1,0,15
9154,1982,1,0,15
9154,1983,1,0,15
9154,1984,1,0,15
9154,1985,1,0,15
9154,1986,0,0,15
9154,1987,1,0,15
9158,1980,0,1,12
9158,1981,0,1,12
9158,1982,0,1,12
9158,1983,0,1,12
9158,1984,0,1,12
9158,1985,0,1,12
9158,1986,0,1,12
9158,1987,0,1,12
9184,1980,0,1,11
9184,1981,0,1,11
9184,1982,0,1,11
9184,1983,0,0,11
9184,1984,0,1,11
9184,1985,0,1,11
9184,1986,0,1,11
9184,1987,0,1,11
9230,1980,0,0,11
9230,1981,0,0,11
9230,1982,0,0,11
9230,1983,0,0,11
9230,1984,0,0,11
9230,1985,0,0,11
9230,1986,1,0,11
9230,1987,1,0,11
9265,1980,0,0,11
9265,1981,0,0,11
9265,1982,0,0,11
9265,1983,1,0,11
9265,1984,0,0,11
9265,1985,0,0,11
9265,1986,0,0,11
9265,1987,0,0,11
9367,1980,0,0,11
9367,1981,0,0,11
9367,1982,0,0,11
9367,1983,0,0,11
9367,1984,0,0,11
9367,1985,0,0,11
9367,1986,0,0,11
9367,1987,0,0,11
9390,1980,0,0,12
9390,1981,1,0,12
9390,1982,1,0,12
9390,1983,0,0,12
9390,1984,0,0,12
9390,1985,0,0,12
9390,1986,0,0,12
9390,1987,1,0,12
9391,1980,0,0,11
9391,1981,0,0,11
9391,1982,0,0,11
9391,1983,0,0,11
9391,1984,0,0,11
9391,1985,0,0,11
9391,1986,0,0,11
9391,1987,0,0,11
9418,1980,0,0,15
9418,1981,0,0,15
9418,1982,0,0,15
9418,1983,0,1,15
9418,1984,0,1,15
9418,1985,0,1,15
9418,1986,0,1,15
9418,1987,0,1,15
9424,1980,1,0,12
9424,1981,1,0,12
9424,1982,0,0,12
9424,1983,1,0,12
9424,1984,1,0,12
9424,1985,1,0,12
9424,1986,1,0,12
9424,1987,1,1,12
9447,1980,0,0,14
9447,1981,0,0,14
9447,1982,0,0,14
9447,1983,0,0,14
9447,1984,0,0,14
9447,1985,0,0,14
9447,1986,0,0,14
9447,1987,0,1,14
9449,1980,0,0,15
9449,1981,0,0,15
9449,1982,0,0,15
9449,1983,0,0,15
9449,1984,0,0,15
9449,1985,0,1,15
9449,1986,1,1,15
9449,1987,1,1,15
9453,1980,1,0,15
9453,1981,1,0,15
9453,1982,1,0,15
9453,1983,1,0,15
9453,1984,1,0,15
9453,1985,1,1,15
9453,1986,1,1,15
9453,1987,0,1,15
9468,1980,0,0,16
9468,1981,0,0,16
9468,1982,0,0,16
9468,1983,0,0,16
9468,1984,0,0,16
9468,1985,0,1,16
9468,1986,0,1,16
9468,1987,0,1,16
9502,1980,1,1,12
9502,1981,1,1,12
9502,1982,1,1,12
9502,1983,1,1,12
9502,1984,0,1,12
9502,1985,0,1,12
9502,1986,0,1,12
9502,1987,0,1,12
9505,1980,0,0,8
9505,1981,0,0,8
9505,1982,0,0,8
9505,1983,0,0,8
9505,1984,0,0,8
9505,1985,0,0,8
9505,1986,0,0,8
9505,1987,0,0,8
9603,1980,0,1,10
9603,1981,0,1,10
9603,1982,0,1,10
9603,1983,0,1,10
9603,1984,0,1,10
9603,1985,0,1,10
9603,1986,0,0,10
9603,1987,0,0,10
9643,1980,0,0,12
9643,1981,0,0,12
9643,1982,0,0,12
9643,1983,0,0,12
9643,1984,0,0,12
9643,1985,0,0,12
9643,1986,0,0,12
9643,1987,0,0,12
9667,1980,0,0,13
9667,1981,0,0,13
9667,1982,1,0,13
9667,1983,0,0,13
9667,1984,0,1,13
9667,1985,0,1,13
9667,1986,0,1,13
9667,1987,0,1,13
9683,1980,0,0,12
9683,1981,1,1,12
9683,1982,0,1,12
9683,1983,0,1,12
9683,1984,0,1,12
9683,1985,0,1,12
9683,1986,0,1,12
9683,1987,1,0,12
9694,1980,0,0,15
9694,1981,0,0,15
9694,1982,0,0,15
9694,1983,0,1,15
9694,1984,0,1,15
9694,1985,0,1,15
9694,1986,0,1,15
9694,1987,0,1,15
9710,1980,0,0,12
9710,1981,0,0,12
9710,1982,0,0,12
9710,1983,0,0,12
9710,1984,0,0,12
9710,1985,0,0,12
9710,1986,0,0,12
9710,1987,0,0,12
9718,1980,0,0,13
9718,1981,0,0,13
9718,1982,0,0,13
9718,1983,0,0,13
9718,1984,0,0,13
9718,1985,0,0,13
9718,1986,0,1,13
9718,1987,0,1,13
9725,1980,0,0,13
9725,1981,0,0,13
9725,1982,0,0,13
9725,1983,0,0,13
9725,1984,0,0,13
9725,1985,0,0,13
9725,1986,0,0,13
9725,1987,0,0,13
9744,1980,1,0,15
9744,1981,0,0,15
9744,1982,0,0,15
9744,1983,0,0,15
9744,1984,0,0,15
9744,1985,0,0,15
9744,1986,0,1,15
9744,1987,1,1,15
9752,1980,0,0,15
9752,1981,0,1,15
9752,1982,0,1,15
9752,1983,0,1,15
9752,1984,0,1,15
9752,1985,0,1,15
9752,1986,0,1,15
9752,1987,0,1,15
9776,1980,0,0,11
9776,1981,1,1,11
9776,1982,1,1,11
9776,1983,1,1,11
9776,1984,1,1,11
9776,1985,1,1,11
9776,1986,1,1,11
9776,1987,1,1,11
9786,1980,1,0,12
9786,1981,1,0,12
9786,1982,1,0,12
9786,1983,1,0,12
9786,1984,0,0,12
9786,1985,0,0,12
9786,1986,0,0,12
9786,1987,0,0,12
9791,1980,0,0,15
9791,1981,0,0,15
9791,1982,0,0,15
9791,1983,0,1,15
9791,1984,0,1,15
9791,1985,0,1,15
9791,1986,0,1,15
9791,1987,0,1,15
9794,1980,0,0,12
9794,1981,1,1,12
9794,1982,0,1,12
9794,1983,1,1,12
9794,1984,1,1,12
9794,1985,1,1,12
9794,1986,1,1,12
9794,1987,1,1,12
9810,1980,0,0,11
9810,1981,0,0,11
9810,1982,1,1,11
9810,1983,0,1,11
9810,1984,0,1,11
9810,1985,0,1,11
9810,1986,0,1,11
9810,1987,0,0,11
9846,1980,0,1,12
9846,1981,0,1,12
9846,1982,0,1,12
9846,1983,0,1,12
9846,1984,0,1,12
9846,1985,0,1,12
9846,1986,0,1,12
9846,1987,1,1,12
9859,1980,1,0,12
9859,1981,1,0,12
9859,1982,1,0,12
9859,1983,1,0,12
9859,1984,1,0,12
9859,1985,1,0,12
9859,1986,0,0,12
9859,1987,1,0,12
9868,1980,0,0,11
9868,1981,0,0,11
9868,1982,0,0,11
9868,1983,0,0,11
9868,1984,0,0,11
9868,1985,0,0,11
9868,1986,0,1,11
9868,1987,1,1,11
9876,1980,0,1,13
9876,1981,0,1,13
9876,1982,0,1,13
9876,1983,0,1,13
9876,1984,0,1,13
9876,1985,0,1,13
9876,1986,0,1,13
9876,1987,0,1,13
9883,1980,1,0,12
9883,1981,1,0,12
9883,1982,1,0,12
9883,1983,0,0,12
9883,1984,0,1,12
9883,1985,1,1,12
9883,1986,0,1,12
9883,1987,0,1,12
9889,1980,0,1,14
9889,1981,0,1,14
9889,1982,0,1,14
9889,1983,0,1,14
9889,1984,0,1,14
9889,1985,0,1,14
9889,1986,0,1,14
9889,1987,0,1,14
9901,1980,0,0,12
9901,1981,0,0,12
9901,1982,0,0,12
9901,1983,1,0,12
9901,1984,1,0,12
9901,1985,0,0,12
9901,1986,0,0,12
9901,1987,0,0,12
9936,1980,0,0,12
9936,1981,0,0,12
9936,1982,1,0,12
9936,1983,0,1,12
9936,1984,1,1,12
9936,1985,1,1,12
9936,1986,1,1,12
9936,1987,1,1,12
9964,1980,0,0,9
9964,1981,0,0,9
9964,1982,0,0,9
9964,1983,0,0,9
9964,1984,0,0,9
9964,1985,0,0,9
9964,1986,0,0,9
9964,1987,0,0,9
10043,1980,0,0,12
10043,1981,0,0,12
10043,1982,0,0,12
10043,1983,0,1,12
10043,1984,0,1,12
10043,1985,0,1,12
10043,1986,1,1,12
10043,1987,0,1,12
10067,1980,0,0,11
10067,1981,0,0,11
10067,1982,0,1,11
10067,1983,0,1,11
10067,1984,0,1,11
10067,1985,0,1,11
10067,1986,0,1,11
10067,1987,0,1,11
10091,1980,0,1,12
10091,1981,0,1,12
10091,1982,1,1,12
10091,1983,0,1,12
10091,1984,0,1,12
10091,1985,0,1,12
10091,1986,0,1,12
10091,1987,0,1,12
10120,1980,0,0,13
10120,1981,0,0,13
10120,1982,0,0,13
10120,1983,0,0,13
10120,1984,0,0,13
10120,1985,0,0,13
10120,1986,0,1,13
10120,1987,0,1,13
10121,1980,0,0,11
10121,1981,0,0,11
10121,1982,0,0,11
10121,1983,0,0,11
10121,1984,0,0,11
10121,1985,0,0,11
10121,1986,0,0,11
10121,1987,0,0,11
10167,1980,1,0,12
10167,1981,1,0,12
10167,1982,1,0,12
10167,1983,1,0,12
10167,1984,1,0,12
10167,1985,1,0,12
10167,1986,1,0,12
10167,1987,1,0,12
10209,1980,0,0,10
10209,1981,0,0,10
10209,1982,0,0,10
10209,1983,0,0,10
10209,1984,0,0,10
10209,1985,0,0,10
10209,1986,0,1,10
10209,1987,0,1,10
10230,1980,0,1,10
10230,1981,0,1,10
10230,1982,0,1,10
10230,1983,0,1,10
10230,1984,0,0,10
10230,1985,0,1,10
10230,1986,0,0,10
10230,1987,0,0,10
10265,1980,1,0,14
10265,1981,0,1,14
10265,1982,0,1,14
10265,1983,0,1,14
10265,1984,0,1,14
10265,1985,0,1,14
10265,1986,0,1,14
10265,1987,0,1,14
10274,1980,0,0,14
10274,1981,1,1,14
10274,1982,1,1,14
10274,1983,1,1,14
10274,1984,1,1,14
10274,1985,1,1,14
10274,1986,0,1,14
10274,1987,0,1,14
10311,1980,0,0,11
10311,1981,0,0,11
10311,1982,0,0,11
10311,1983,0,0,11
10311,1984,0,1,11
10311,1985,0,1,11
10311,1986,1,1,11
10311,1987,0,1,11
10392,1980,0,0,8
10392,1981,0,0,8
10392,1982,0,0,8
10392,1983,0,0,8
10392,1984,0,0,8
10392,1985,0,0,8
10392,1986,0,0,8
10392,1987,0,0,8
10425,1980,0,1,13
10425,1981,1,1,13
10425,1982,1,1,13
10425,1983,1,1,13
10425,1984,1,1,13
10425,1985,1,1,13
10425,1986,1,1,13
10425,1987,0,1,13
10441,1980,0,0,14
10441,1981,0,0,14
10441,1982,0,0,14
10441,1983,0,0,14
10441,1984,0,0,14
10441,1985,0,1,14
10441,1986,0,1,14
10441,1987,0,1,14
10457,1980,0,0,13
10457,1981,0,0,13
10457,1982,0,1,13
10457,1983,0,1,13
10457,1984,0,1,13
10457,1985,0,1,13
10457,1986,0,1,13
10457,1987,0,1,13
10469,1980,1,0,12
10469,1981,1,0,12
10469,1982,0,0,12
10469,1983,0,0,12
10469,1984,0,0,12
10469,1985,0,0,12
10469,1986,0,0,12
10469,1987,0,0,12
10524,1980,0,0,11
10524,1981,0,0,11
10524,1982,0,0,11
10524,1983,0,0,11
10524,1984,0,0,11
10524,1985,0,0,11
10524,1986,0,0,11
10524,1987,0,0,11
10552,1980,0,0,9
10552,1981,0,0,9
10552,1982,0,0,9
10552,1983,1,0,9
10552,1984,1,0,9
10552,1985,0,0,9
10552,1986,0,0,9
10552,1987,0,0,9
10553,1980,0,1,13
10553,1981,0,1,13
10553,1982,0,1,13
10553,1983,0,1,13
10553,1984,0,1,13
10553,1985,0,1,13
10553,1986,0,1,13
10553,1987,0,1,13
10570,1980,0,0,11
10570,1981,0,0,11
10570,1982,0,0,11
10570,1983,0,1,11
10570,1984,0,1,11
10570,1985,0,1,11
10570,1986,0,1,11
10570,1987,0,1,11
10593,1980,0,1,9
10593,1981,0,1,9
10593,1982,0,1,9
10593,1983,1,1,9
10593,1984,1,1,9
10593,1985,1,1,9
10593,1986,1,1,9
10593,1987,0,1,9
10666,1980,1,1,11
10666,1981,0,1,11
10666,1982,0,1,11
10666,1983,0,1,11
10666,1984,0,1,11
10666,1985,0,1,11
10666,1986,0,1,11
10666,1987,0,0,11
11275,1980,0,0,12
11275,1981,0,0,12
11275,1982,0,0,12
11275,1983,0,0,12
11275,1984,0,0,12
11275,1985,0,0,12
11275,1986,0,0,12
11275,1987,0,0,12
11328,1980,0,0,12
11328,1981,0,0,12
11328,1982,0,0,12
11328,1983,0,0,12
11328,1984,0,0,12
11328,1985,0,0,12
11328,1986,0,0,12
11328,1987,0,0,12
11750,1980,0,0,10
11750,1981,0,0,10
11750,1982,0,0,10
11750,1983,0,0,10
11750,1984,0,0,10
11750,1985,0,0,10
11750,1986,0,0,10
11750,1987,0,0,10
11821,1980,0,0,15
11821,1981,0,0,15
11821,1982,0,0,15
11821,1983,0,0,15
11821,1984,0,0,15
11821,1985,0,0,15
11821,1986,0,0,15
11821,1987,0,0,15
11857,1980,1,0,12
11857,1981,1,0,12
11857,1982,1,0,12
11857,1983,1,0,12
11857,1984,1,0,12
11857,1985,1,1,12
11857,1986,1,1,12
11857,1987,1,1,12
11887,1980,0,0,12
11887,1981,0,0,12
11887,1982,0,0,12
11887,1983,0,0,12
11887,1984,0,0,12
11887,1985,0,1,12
11887,1986,0,1,12
11887,1987,0,1,12
11890,1980,0,1,6
11890,1981,0,1,6
11890,1982,0,1,6
11890,1983,0,1,6
11890,1984,0,1,6
11890,1985,0,1,6
11890,1986,0,1,6
11890,1987,0,1,6
11892,1980,0,0,11
11892,1981,0,0,11
11892,1982,0,0,11
11892,1983,0,0,11
11892,1984,0,0,11
11892,1985,0,0,11
11892,1986,0,0,11
11892,1987,0,0,11
11924,1980,0,0,12
11924,1981,0,0,12
11924,1982,0,0,12
11924,1983,0,0,12
11924,1984,0,0,12
11924,1985,0,0,12
11924,1986,0,1,12
11924,1987,0,1,12
11925,1980,0,0,10
11925,1981,0,1,10
11925,1982,0,1,10
11925,1983,0,1,10
11925,1984,0,1,10
11925,1985,0,1,10
11925,1986,0,1,10
11925,1987,0,1,10
11957,1980,1,0,13
11957,1981,1,0,13
11957,1982,0,0,13
11957,1983,0,0,13
11957,1984,0,0,13
11957,1985,1,0,13
11957,1986,0,0,13
11957,1987,0,0,13
11973,1980,0,0,12
11973,1981,0,0,12
11973,1982,1,0,12
11973,1983,0,0,12
11973,1984,0,0,12
11973,1985,0,0,12
11973,1986,0,0,12
11973,1987,0,0,12
11990,1980,0,0,14
11990,1981,0,0,14
11990,1982,0,1,14
11990,1983,0,1,14
11990,1984,0,1,14
11990,1985,0,1,14
11990,1986,0,1,14
11990,1987,0,1,14
12012,1980,0,0,13
12012,1981,0,0,13
12012,1982,0,1,13
12012,1983,0,1,13
12012,1984,0,1,13
12012,1985,0,1,13
12012,1986,0,1,13
12012,1987,0,1,13
12013,1980,0,0,10
12013,1981,0,0,10
12013,1982,1,0,10
12013,1983,0,0,10
12013,1984,0,0,10
12013,1985,0,0,10
12013,1986,0,0,10
12013,1987,0,0,10
12045,1980,0,0,16
12045,1981,0,1,16
12045,1982,0,1,16
12045,1983,0,1,16
12045,1984,0,1,16
12045,1985,0,1,16
12045,1986,0,1,16
12045,1987,0,1,16
12055,1980,0,0,12
12055,1981,0,0,12
12055,1982,0,0,12
12055,1983,0,1,12
12055,1984,0,1,12
12055,1985,1,1,12
12055,1986,0,1,12
12055,1987,1,1,12
12084,1980,0,0,12
12084,1981,0,0,12
12084,1982,0,0,12
12084,1983,0,0,12
12084,1984,0,1,12
12084,1985,0,0,12
12084,1986,0,0,12
12084,1987,0,0,12
12088,1980,0,0,12
12088,1981,0,0,12
12088,1982,0,0,12
12088,1983,0,0,12
12088,1984,0,0,12
12088,1985,0,0,12
12088,1986,0,0,12
12088,1987,0,0,12
12122,1980,0,1,8
12122,1981,0,1,8
12122,1982,0,1,8
12122,1983,0,1,8
12122,1984,0,1,8
12122,1985,0,1,8
12122,1986,0,1,8
12122,1987,0,1,8
12179,1980,1,0,10
12179,1981,0,0,10
12179,1982,1,0,10
12179,1983,1,0,10
12179,1984,1,0,10
12179,1985,1,0,10
12179,1986,1,0,10
12179,1987,0,0,10
12182,1980,0,0,13
12182,1981,0,0,13
12182,1982,1,0,13
12182,1983,1,1,13
12182,1984,1,1,13
12182,1985,1,1,13
12182,1986,1,0,13
12182,1987,1,0,13
12220,1980,0,0,12
12220,1981,0,1,12
12220,1982,1,1,12
12220,1983,1,1,12
12220,1984,1,1,12
12220,1985,1,1,12
12220,1986,1,1,12
12220,1987,1,1,12
12221,1980,0,0,11
12221,1981,0,0,11
12221,1982,0,1,11
12221,1983,0,1,11
12221,1984,0,1,11
12221,1985,0,1,11
12221,1986,0,1,11
12221,1987,0,1,11
12245,1980,0,0,14
12245,1981,0,0,14
12245,1982,0,0,14
12245,1983,0,0,14
12245,1984,0,0,14
12245,1985,0,0,14
12245,1986,0,0,14
12245,1987,0,0,14
12276,1980,0,0,12
12276,1981,0,0,12
12276,1982,0,0,12
12276,1983,0,0,12
12276,1984,0,0,12
12276,1985,0,0,12
12276,1986,0,0,12
12276,1987,0,0,12
12385,1980,0,0,12
12385,1981,0,0,12
12385,1982,0,1,12
12385,1983,0,0,12
12385,1984,0,0,12
12385,1985,0,0,12
12385,1986,0,0,12
12385,1987,0,0,12
12410,1980,1,0,12
12410,1981,1,1,12
12410,1982,1,1,12
12410,1983,1,1,12
12410,1984,1,1,12
12410,1985,1,1,12
12410,1986,1,1,12
12410,1987,0,1,12
12420,1980,0,1,12
12420,1981,0,1,12
12420,1982,0,1,12
12420,1983,0,1,12
12420,1984,1,1,12
12420,1985,0,1,12
12420,1986,1,1,12
12420,1987,0,1,12
12433,1980,0,0,15
12433,1981,0,0,15
12433,1982,0,0,15
12433,1983,0,0,15
12433,1984,0,0,15
12433,1985,1,0,15
12433,1986,1,0,15
12433,1987,1,0,15
12451,1980,0,0,14
12451,1981,0,0,14
12451,1982,0,0,14
12451,1983,0,1,14
12451,1984,0,1,14
12451,1985,0,1,14
12451,1986,0,1,14
12451,1987,0,1,14
12477,1980,1,0,12
12477,1981,1,0,12
12477,1982,1,1,12
12477,1983,1,1,12
12477,1984,1,1,12
12477,1985,1,1,12
12477,1986,1,1,12
12477,1987,1,1,12
12500,1980,0,1,12
12500,1981,0,0,12
12500,1982,0,0,12
12500,1983,0,1,12
12500,1984,0,1,12
12500,1985,0,1,12
12500,1986,0,1,12
12500,1987,0,1,12
12534,1980,0,0,11
12534,1981,0,0,11
12534,1982,0,1,11
12534,1983,0,1,11
12534,1984,0,1,11
12534,1985,0,1,11
12534,1986,0,1,11
12534,1987,0,1,11
12548,1980,0,0,9
12548,1981,0,0,9
12548,1982,0,0,9
12548,1983,0,1,9
12548,1984,1,1,9
12548,1985,0,1,9
12548,1986,1,1,9
12548,1987,1,1,9
